aspect_ratio,red_dist,yellow_dist,blue_dist,red_pct,yellow_pct,blue_pct,image_id,label
1.5382293762575452,0.3845342420754181,0.33653213553970557,0.4452574027389804,4.542296289180472,3.5331018156025755,0.9754406096487361,mondriaan1 (1).JPG,mondriaan1
1.532219570405728,0.38837320869702074,0.3329556505614763,0.44476888659584146,4.345571342537863,3.5383162700094424,0.9625536249340144,mondriaan1 (10).JPG,mondriaan1
1.4677060133630289,0.3889345280648355,0.3401361221767892,0.4456834069993606,4.374330412212606,3.460564870171786,0.9448580727362441,mondriaan1 (100).JPG,mondriaan1
1.4671857619577309,0.3890771779367388,0.3403848416582673,0.44560072562808795,4.360248646250867,3.4443965622657133,0.9365979046721106,mondriaan1 (101).JPG,mondriaan1
1.5370813397129186,0.3880280456935468,0.3339865195387536,0.4450047354005754,4.376407945934876,3.553515908625472,0.9628953884534471,mondriaan1 (11).JPG,mondriaan1
1.5303933253873658,0.3886040604686412,0.33400680280052664,0.44431601936727705,4.332130299013437,3.54041118524872,0.9617776688610904,mondriaan1 (12).JPG,mondriaan1
1.5303933253873658,0.3885930835101484,0.3339386203972098,0.44432884832797914,4.32841723012487,3.5407824921375766,0.9644696438053015,mondriaan1 (13).JPG,mondriaan1
1.5305305305305306,0.38891778252367015,0.3350105044846479,0.44456281539805076,4.350131688261185,3.5465157767316042,0.9594290169829739,mondriaan1 (131).jpg,mondriaan1
1.5280095351609058,0.388768287120964,0.3346909490452678,0.44467668486564904,4.3434442979626215,3.5159046409532184,0.9708087965950104,mondriaan1 (132).jpg,mondriaan1
1.5218934911242603,0.3883900849663485,0.3340572730016555,0.44449669722045176,4.354955966392741,3.545970717881233,0.9581565700718709,mondriaan1 (133).jpg,mondriaan1
1.3724212812160694,0.3894344948124235,0.3430240072338505,0.44375462407099486,4.423250044668014,3.434197143995932,0.9025515743756787,mondriaan1 (134).jpg,mondriaan1
1.5328554360812425,0.38852729331104063,0.3344206030569657,0.44466163392764846,4.341396685449183,3.531988479063128,0.9623129780020133,mondriaan1 (135).jpg,mondriaan1
1.4501133786848073,0.3832088489847891,0.34055522269023647,0.4450486209685642,4.4371045264600495,3.399676263520785,0.9232517609597918,mondriaan1 (136).jpg,mondriaan1
1.476958525345622,0.38849505105940196,0.3357470668947647,0.4438580751296835,4.355234117198789,3.550489945865116,0.9653335442173447,mondriaan1 (137).jpg,mondriaan1
1.4552661381653453,0.3888124235792578,0.33979686524423935,0.44491448900916275,4.362295146983004,3.4164569847222284,0.9083818429390431,mondriaan1 (138).jpg,mondriaan1
1.5280095351609058,0.3886245312510104,0.33421531901590673,0.4445003276448838,4.3304282826855385,3.537845923848873,0.9629991874287605,mondriaan1 (14).JPG,mondriaan1
1.5053380782918149,0.3873455394572957,0.33856791666733177,0.44550785510960184,4.384132245619841,3.381484005395567,0.8976721099080454,mondriaan1 (140).jpg,mondriaan1
1.5328554360812425,0.3838978371171931,0.33414951615710564,0.4445974106343062,4.401273523542399,3.50898757858253,0.9842895468822604,mondriaan1 (141).jpg,mondriaan1
1.4804031354983203,0.3890804608335678,0.338120168758008,0.4439139361371912,4.358237629029279,3.534296842308559,0.9517629977993233,mondriaan1 (142).jpg,mondriaan1
1.483221476510067,0.3891345493019738,0.33761384100866537,0.4439976788977642,4.352377674525325,3.527539048660249,0.9543259740654135,mondriaan1 (143).jpg,mondriaan1
1.504739336492891,0.38745731096204566,0.3384413394730163,0.4452781916746559,4.365787214986752,3.4095234541179984,0.9065380453035787,mondriaan1 (144).jpg,mondriaan1
1.4678492239467849,0.37791162809494255,0.33997240288943004,0.44568610163237965,4.567895445502107,3.4491160964891714,0.958092456508196,mondriaan1 (145).jpg,mondriaan1
1.4677777777777778,0.3803071059688524,0.33777161274745965,0.44399371090922046,4.485154344351923,3.5276305828917485,0.9703086887038439,mondriaan1 (146).jpg,mondriaan1
1.529832935560859,0.38566997397174807,0.3342807485781157,0.4447287448698261,4.385488068687425,3.5087441683824867,0.9849057446784745,mondriaan1 (147).jpg,mondriaan1
1.508313539192399,0.38777971419178914,0.33832319794226673,0.44541119535430795,4.3569865524529146,3.4144425533506646,0.9022387640974807,mondriaan1 (148).jpg,mondriaan1
1.4728079911209766,0.3889299037626006,0.3400262212211125,0.44614777805244227,4.376866698393395,3.45492365093796,0.945027169844776,mondriaan1 (149).jpg,mondriaan1
1.5267538644470868,0.38420106569812584,0.33530450821960217,0.44465226222142806,4.399153951867121,3.5506980637943997,0.9757890954619372,mondriaan1 (15).JPG,mondriaan1
1.4837988826815642,0.3893728829846098,0.3375764792233593,0.4445202182367386,4.350895200915393,3.5319209800094233,0.9667160261156358,mondriaan1 (150).jpg,mondriaan1
1.508313539192399,0.3877800002218869,0.338882880648529,0.44578239967113403,4.40645631885088,3.391624740494137,0.8981240765331886,mondriaan1 (151).jpg,mondriaan1
1.5334928229665072,0.3887520502309845,0.3348501008625597,0.44480964107913246,4.359590651568646,3.5190977017071114,0.9700005225089385,mondriaan1 (152).jpg,mondriaan1
1.4597701149425288,0.3887481772215642,0.33680722347861636,0.4440350839870661,4.352882613811205,3.531722327812472,0.9659697710200019,mondriaan1 (153).jpg,mondriaan1
1.4589266155531215,0.3885858567596083,0.34076311449761526,0.44578308259653154,4.362741712139302,3.448190797588388,0.9314078591187025,mondriaan1 (154).jpg,mondriaan1
1.531585220500596,0.3885637800089104,0.3335488527619716,0.44462956296483597,4.346475097740037,3.5417371987218433,0.9637190837712118,mondriaan1 (155).jpg,mondriaan1
1.5322966507177034,0.38912070697791923,0.33472378576614537,0.44500866568522,4.358138266680113,3.5352912833499546,0.9757067781226539,mondriaan1 (156).jpg,mondriaan1
1.4394618834080717,0.3856631918120055,0.33672118179258176,0.44372609038834737,4.392977382898175,3.509736948716874,0.986355000488943,mondriaan1 (157).jpg,mondriaan1
1.4700665188470066,0.38874752763013604,0.34005454545796954,0.4456737386993408,4.369375244554584,3.444164634982425,0.9389223879898199,mondriaan1 (158).jpg,mondriaan1
1.427942794279428,0.3877716530141445,0.34089822419878874,0.44483682550057274,4.33729813659332,3.4367843564017417,0.9184816786763422,mondriaan1 (159).jpg,mondriaan1
1.5297619047619047,0.3886166055319313,0.33374401033336054,0.4442202032834247,4.341393366685196,3.543264776727812,0.9583101723179545,mondriaan1 (16).JPG,mondriaan1
1.4743443557582667,0.38905229536767416,0.33720992186070037,0.4442773958164078,4.363289390023114,3.522431547469446,0.9753421854896244,mondriaan1 (160).jpg,mondriaan1
1.5267538644470868,0.38564986747421487,0.3350561791725703,0.4451498821295918,4.388041235585881,3.543752616118625,0.9816232715095885,mondriaan1 (161).jpg,mondriaan1
1.4744444444444444,0.3888067869356759,0.34043657906487723,0.44590359921601735,4.395378045717156,3.4554132127606128,0.9425604956878506,mondriaan1 (162).jpg,mondriaan1
1.4449438202247191,0.388153758169838,0.34071110611917155,0.44499851031912724,4.330910234679434,3.428364233665927,0.9059534834955527,mondriaan1 (163).jpg,mondriaan1
1.4784130688448074,0.38865554178045164,0.3391295496978873,0.4449868238312538,4.3873794803738,3.3976196769443154,0.922621541896025,mondriaan1 (164).jpg,mondriaan1
1.5340501792114696,0.38420768258917704,0.3343934367662973,0.4447692023974607,4.417385931806593,3.501788392754125,0.9864074706804081,mondriaan1 (165).jpg,mondriaan1
1.458380843785633,0.3886362242014295,0.34016991106381805,0.4453276653524185,4.380916890066088,3.429756892098748,0.9266432673045771,mondriaan1 (166).jpg,mondriaan1
1.4552661381653453,0.38873689479612855,0.3367974259498787,0.4436019631934473,4.351542980024766,3.538256121904896,0.9627596053425931,mondriaan1 (167).jpg,mondriaan1
1.44173140954495,0.3875565989912456,0.34058942227831557,0.4449236509283085,4.332197823135529,3.4227643735170656,0.9190882767329773,mondriaan1 (168).jpg,mondriaan1
1.4506726457399104,0.38705393284954365,0.33970075336628947,0.4448707418754195,4.415862102425129,3.4065469465834033,0.9075172753169164,mondriaan1 (169).jpg,mondriaan1
1.531585220500596,0.38831344290547626,0.33368852912997815,0.4444119574345902,4.358904198531696,3.547209713249514,0.9557421981885049,mondriaan1 (17).JPG,mondriaan1
1.4815229563269876,0.38903154321528505,0.33777536088113536,0.44401220212551534,4.3450402432965225,3.532302556458691,0.9522285958056235,mondriaan1 (170).jpg,mondriaan1
1.5065243179122183,0.38762696058717067,0.33859438567696915,0.44545199600649255,4.391701926938848,3.395821073967178,0.9073332025667611,mondriaan1 (172).jpg,mondriaan1
1.5303933253873658,0.388668043395066,0.3340713357496987,0.44469912016408564,4.343269505679139,3.53706942324901,0.9654907377496574,mondriaan1 (173).jpg,mondriaan1
1.4709236031927024,0.3893270177224903,0.3370251994251511,0.44397355837523833,4.358851970689366,3.5243474494621374,0.9573687606622295,mondriaan1 (174).jpg,mondriaan1
1.5106635071090047,0.38688936015436376,0.3386230439722934,0.44553971208779014,4.37608028993588,3.3967103429049343,0.894712387324598,mondriaan1 (175).jpg,mondriaan1
1.4250281848928974,0.388163061046597,0.34058603757579364,0.444109004212285,4.414146675609721,3.3979742554193484,0.9137792016896665,mondriaan1 (176).jpg,mondriaan1
1.504739336492891,0.3866848935688719,0.33854267283700984,0.4453910165342226,4.390603425756614,3.3743516065231183,0.9138149792887262,mondriaan1 (177).jpg,mondriaan1
1.531585220500596,0.38830841626185564,0.3343107642312599,0.4443286823733697,4.357512881278899,3.54349953390872,0.9580610602765012,mondriaan1 (178).jpg,mondriaan1
1.4784633294528522,0.3887598275656468,0.3389422219406141,0.4449820703418086,4.386440926548907,3.4019597957705807,0.9175657466565225,mondriaan1 (179).jpg,mondriaan1
1.531585220500596,0.3883211269179062,0.33431420394399347,0.44459390994056835,4.35723461782834,3.540902408370165,0.9691915982988828,mondriaan1 (18).JPG,mondriaan1
1.501775147928994,0.3871540536324031,0.3383919306654528,0.4452877221108959,4.363590582903186,3.396514984076359,0.8969462979282947,mondriaan1 (180).jpg,mondriaan1
1.529201430274136,0.3887672027067638,0.3343388151963017,0.4444275833789172,4.338572531416144,3.535831637151083,0.9640136858915106,mondriaan1 (181).jpg,mondriaan1
1.4849537037037037,0.38904862402460433,0.3359471419130708,0.44456706810461577,4.340503305331833,3.5034352357033574,0.9892540631044139,mondriaan1 (182).jpg,mondriaan1
1.477728285077951,0.38961133467340886,0.33893080483192456,0.4443908300087403,4.396775552471119,3.5450125288886127,0.9486038638991782,mondriaan1 (183).jpg,mondriaan1
1.4287330316742082,0.3884091745481535,0.34042165317216755,0.44428301660721686,4.4224230894623515,3.402084385736754,0.8975433769341832,mondriaan1 (184).jpg,mondriaan1
1.444929116684842,0.3889362186416671,0.34081025039822627,0.4450667047229948,4.367482150573034,3.4577889343840664,0.9565235283224625,mondriaan1 (186).jpg,mondriaan1
1.501775147928994,0.3872079811857896,0.3386917577463151,0.4454159598790777,4.368626463552814,3.3991261814502405,0.8950811569469508,mondriaan1 (187).jpg,mondriaan1
1.5303933253873658,0.38832837165275735,0.33425544349576775,0.44549730783857505,4.346518440956635,3.470327009977016,1.009212123912535,mondriaan1 (188).jpg,mondriaan1
1.44960362400906,0.3887311564579501,0.3397121143859312,0.4446930171527588,4.3966768120045305,3.4067985560588903,0.9075948471121177,mondriaan1 (189).jpg,mondriaan1
1.5346062052505967,0.3878785593122171,0.333205694001659,0.445013985142221,4.378806831046296,3.5724360378149855,0.9594791716929517,mondriaan1 (19).JPG,mondriaan1
1.4849498327759196,0.38097934208519907,0.34066030477253856,0.4457648451214672,4.472951212081647,3.477390433912173,0.9594879160096551,mondriaan1 (190).jpg,mondriaan1
1.4994138335287222,0.3854329242817563,0.33685207791185845,0.4444644817271723,4.41215156550903,3.5281813623810367,0.9781051469907523,mondriaan1 (191).jpg,mondriaan1
1.5280095351609058,0.3888375432170562,0.3342352749922521,0.44466476473851024,4.3507890494404045,3.5350567777180695,0.9663461627857247,mondriaan1 (192).jpg,mondriaan1
1.4739178690344061,0.38900463418197,0.3400815464385855,0.4462126859973212,4.363708998034312,3.4561665084310604,0.9357908883034914,mondriaan1 (193).jpg,mondriaan1
1.5087924970691677,0.38867502948230503,0.3345663678823121,0.44404482415328766,4.343643851264015,3.54815173103567,0.9628251128837296,mondriaan1 (194).jpg,mondriaan1
1.5304659498207884,0.3873491169961368,0.33441494800975247,0.4448819706098661,4.349573818990353,3.479304642710248,1.0045728536826721,mondriaan1 (195).jpg,mondriaan1
1.447191011235955,0.38806414251959737,0.33992041191647354,0.44537754372057936,4.333955614488101,3.4413601786586643,0.9159745969711773,mondriaan1 (196).jpg,mondriaan1
1.4810267857142858,0.38944382076263445,0.3378039219577849,0.4440456217109931,4.35099647432447,3.5381230487673596,0.9635893260846162,mondriaan1 (198).jpg,mondriaan1
1.499409681227863,0.38772027519831354,0.33821186115907514,0.4451914598409688,4.371705602915338,3.4040476345415502,0.8906841190305758,mondriaan1 (199).jpg,mondriaan1
1.5315315315315314,0.3891257827326981,0.33428880776948366,0.4447324455387458,4.3575601745536385,3.5417116462868097,0.9688773741061323,mondriaan1 (2).JPG,mondriaan1
1.5297619047619047,0.38846245107505817,0.3341298572677827,0.444393359403004,4.352881230313137,3.5455808782657035,0.9575690198258291,mondriaan1 (20).JPG,mondriaan1
1.5303933253873658,0.3885423494523818,0.33421446637617064,0.4444809363939615,4.342155585012568,3.548301456636925,0.9616848421388762,mondriaan1 (200).jpg,mondriaan1
1.479861910241657,0.3857028352194596,0.33677913930381137,0.4438402040574656,4.37812182895554,3.5550596223470605,0.9668609635143093,mondriaan1 (201).jpg,mondriaan1
1.4669652855543114,0.37833884895892494,0.3392695116057531,0.44381979673582267,4.605370011027244,3.558722207500235,0.9557798996435379,mondriaan1 (202).jpg,mondriaan1
1.5304659498207884,0.38489821151755604,0.33480977366650594,0.44499581645016656,4.412062335559604,3.5133468942740933,0.9882512262205547,mondriaan1 (203).jpg,mondriaan1
1.5053380782918149,0.3877338920461933,0.3387520082319402,0.44550595181425184,4.396845294349143,3.3977492295051164,0.9088895058456654,mondriaan1 (204).jpg,mondriaan1
1.4617092119866815,0.3796803423317392,0.34136278030720185,0.4461468718392109,4.511902324001763,3.43944170697032,0.9256567199020408,mondriaan1 (205).jpg,mondriaan1
1.5328554360812425,0.3861401429868407,0.334668497120188,0.445287031055496,4.386094791646297,3.4859866781019324,1.0021687893611058,mondriaan1 (206).jpg,mondriaan1
1.5353293413173652,0.38894780539014123,0.3343928077216338,0.4448276605757289,4.343606079572524,3.5202294319317686,0.9694806953954804,mondriaan1 (207).jpg,mondriaan1
1.526190476190476,0.3868445837671434,0.33492212229994045,0.44500570100507025,4.3616744669786796,3.473274645271525,1.005497362751653,mondriaan1 (208).jpg,mondriaan1
1.4688195991091315,0.3890518238502258,0.3400037086850643,0.4456491615193281,4.3648508774447805,3.4511026947255377,0.9476032156371417,mondriaan1 (209).jpg,mondriaan1
1.5303933253873658,0.3882121571783624,0.33526934753086435,0.44483094560506675,4.367868587065896,3.559811970191483,0.9594570008057359,mondriaan1 (21).JPG,mondriaan1
1.4321663019693653,0.38965028578576394,0.3415007284482353,0.44527764703514683,4.394337802755874,3.4603059445381494,0.9372079844470114,mondriaan1 (210).jpg,mondriaan1
1.5077105575326215,0.38771531232912937,0.33847180350475875,0.4454717553836747,4.391046550805308,3.4022024297846007,0.9097925900622799,mondriaan1 (211).jpg,mondriaan1
1.5065243179122183,0.3878847887622634,0.33845973192239265,0.4454526481589128,4.367043087585582,3.4114196579520084,0.9052782992873222,mondriaan1 (212).jpg,mondriaan1
1.5279429250891796,0.38398829278786006,0.33550884905956735,0.4441503570020705,4.39970944354738,3.551543696821923,0.964388327773588,mondriaan1 (213).jpg,mondriaan1
1.4693422519509476,0.3900269152706118,0.3381170434347221,0.44381912982689026,4.359498784516927,3.5452858372961296,0.9528473769418547,mondriaan1 (214).jpg,mondriaan1
1.4912280701754386,0.38796997427974605,0.33847966916126343,0.4451128516198999,4.362343767916523,3.4085081986010777,0.9055842219928907,mondriaan1 (216).jpg,mondriaan1
1.5304659498207884,0.3892488569569032,0.33438935535521325,0.4445726882107689,4.3411798391526935,3.5156785553401098,0.9729555296274845,mondriaan1 (217).jpg,mondriaan1
1.529832935560859,0.388840587222666,0.3346343460344101,0.44518233559580356,4.354119272169455,3.529036149512806,0.9760629088648033,mondriaan1 (218).jpg,mondriaan1
1.4433221099887767,0.3879541787563351,0.34033746815036864,0.4448761749268633,4.322384026894135,3.427920120506953,0.9100858245492772,mondriaan1 (219).jpg,mondriaan1
1.5303933253873658,0.38855123077803083,0.3342105186433111,0.4447645904799403,4.345126040123422,3.5480229764702824,0.9713388212491507,mondriaan1 (22).JPG,mondriaan1
1.5297619047619047,0.38846401780378575,0.33410516936298346,0.44434358703859517,4.351398925328887,3.5476190476190474,0.955994070780063,mondriaan1 (220).jpg,mondriaan1
1.4572405929304446,0.3883221422809737,0.34043279569473445,0.44558242067529036,4.39130411507433,3.416113047217806,0.9117545766171844,mondriaan1 (221).jpg,mondriaan1
1.5171192443919717,0.38876750073796495,0.3342937767613417,0.4443403517996345,4.3476862719876515,3.5405344567000037,0.9639882579394429,mondriaan1 (222).jpg,mondriaan1
1.4540295119182747,0.38732202030757157,0.3366956825365344,0.444091646436563,4.363078291736114,3.4874499473222977,1.0152752044417626,mondriaan1 (223).jpg,mondriaan1
1.4433221099887767,0.38742485409991373,0.34062599577189145,0.44518092425690464,4.331285902047955,3.4256510150755877,0.9050239739716153,mondriaan1 (225).jpg,mondriaan1
1.5029655990510082,0.3871628170051319,0.33856136132469605,0.4459129711636517,4.376166227093264,3.3491841910866307,0.9077963188185165,mondriaan1 (226).jpg,mondriaan1
1.509501187648456,0.3878443761104441,0.33833783454886074,0.4455681792101035,4.382525589105405,3.4043742092466514,0.9269451364347373,mondriaan1 (227).jpg,mondriaan1
1.447191011235955,0.3875018916903139,0.33316723453322283,0.44530056730741396,4.343202596133715,3.461686091143834,0.9099553353339382,mondriaan1 (228).jpg,mondriaan1
1.5316606929510155,0.38894771454242444,0.33449568073414454,0.444733950940834,4.35382289843565,3.5208576801853435,0.9682824588969222,mondriaan1 (229).jpg,mondriaan1
1.5310262529832936,0.38522622296985365,0.33408883702225767,0.4446897546836547,4.390812850996229,3.508613649765522,0.9787435102320226,mondriaan1 (23).JPG,mondriaan1
1.4728079911209766,0.3888160616680527,0.3401854481917715,0.4460024161018593,4.382135900243136,3.4491526203406244,0.9424343879822052,mondriaan1 (230).jpg,mondriaan1
1.529832935560859,0.38447470077830775,0.33570723316548284,0.44492815844182226,4.42085941194211,3.528943067030557,0.9774591460985409,mondriaan1 (24).JPG,mondriaan1
1.5316606929510155,0.38884578083228116,0.3344049875162155,0.44471223937047816,4.358855357798541,3.525610558472518,0.9712646570378944,mondriaan1 (25).JPG,mondriaan1
1.529832935560859,0.385037721008585,0.3357410602236596,0.4451269185900946,4.407176287051482,3.529036149512806,0.982951012551242,mondriaan1 (26).JPG,mondriaan1
1.5316606929510155,0.3887886892096377,0.33433358986779543,0.44474272723413844,4.347765308461801,3.5304566304515976,0.9742468551788666,mondriaan1 (27).JPG,mondriaan1
1.529832935560859,0.3850086240140665,0.3343139758290404,0.4447667024882757,4.391166100104624,3.5085580034179884,0.9861158169477138,mondriaan1 (28).JPG,mondriaan1
1.5286396181384247,0.3889322660337049,0.33435572483487186,0.4447232911310614,4.345128637941346,3.5285306266174064,0.9733781223276117,mondriaan1 (29).JPG,mondriaan1
1.528,0.3888128256521245,0.33485080026773933,0.444553480445177,4.3532722513089,3.543586387434555,0.9653141361256544,mondriaan1 (3).JPG,mondriaan1
1.5268176400476758,0.3847951961396893,0.3352600009094588,0.44480439691867185,4.4006144633355015,3.5150205767060334,0.981429325085903,mondriaan1 (30).JPG,mondriaan1
1.534688995215311,0.382939042445268,0.3348775555255315,0.44507535029471407,4.450264220744591,3.4958436976732914,0.987424808034399,mondriaan1 (31).JPG,mondriaan1
1.5316606929510155,0.3893370039501976,0.3343330713085266,0.44476336206584655,4.3626762991666626,3.5306430178354087,0.9740604677950558,mondriaan1 (32).JPG,mondriaan1
1.5328554360812425,0.3887253275090126,0.33443444933769356,0.4446734494884822,4.3636526174931625,3.52807739477088,0.967807120222075,mondriaan1 (33).JPG,mondriaan1
1.507125890736342,0.3878810718836098,0.33853679396220504,0.4455716756218809,4.378295513889591,3.403001222276504,0.9198894148608607,mondriaan1 (34).JPG,mondriaan1
1.5316606929510155,0.3888965765920852,0.33444935012811156,0.44460976276165176,4.3519590245975435,3.527008463851099,0.9680028778212061,mondriaan1 (35).JPG,mondriaan1
1.529832935560859,0.3843311412725376,0.3354075276348695,0.44514116459783837,4.409503349107712,3.519448653841142,0.9862088994299628,mondriaan1 (36).JPG,mondriaan1
1.5286396181384247,0.38420503374166454,0.334318625427203,0.44473504924889756,4.402232742543396,3.5114832348683436,0.9903323589305044,mondriaan1 (37).JPG,mondriaan1
1.5334928229665072,0.3888782204395965,0.33484289091132674,0.44490235100660136,4.361829975591368,3.5221767722383537,0.9706536586822325,mondriaan1 (38).JPG,mondriaan1
1.5286396181384247,0.3845867028803801,0.3354916722362905,0.444893876316393,4.420025375461817,3.5268538339863507,0.9820415509213976,mondriaan1 (39).JPG,mondriaan1
1.5272511848341233,0.38940426000255407,0.33477280831183515,0.4455417154455241,4.317520838005875,3.476922850661264,1.0231488460506142,mondriaan1 (4).JPG,mondriaan1
1.5316606929510155,0.38919565060620476,0.33474223108612555,0.44534923362894363,4.3712501188219575,3.5227215540234518,0.983566224369405,mondriaan1 (40).JPG,mondriaan1
1.5286396181384247,0.38885731838794263,0.3344398669560021,0.4448310341171809,4.340377725486689,3.496298946042676,0.9858609119143569,mondriaan1 (41).JPG,mondriaan1
1.5328554360812425,0.38625642443517144,0.33420239370259236,0.44531708215097243,4.381159375753699,3.4848692254470044,1.0128777106374975,mondriaan1 (42).JPG,mondriaan1
1.5316606929510155,0.3885429556384152,0.33479185251914817,0.44478614831553065,4.343571592326058,3.5030576850314152,0.9774154407036497,mondriaan1 (43).JPG,mondriaan1
1.5304659498207884,0.3877678582796052,0.3345274427600854,0.4450189828361075,4.3685069068464095,3.477532580300075,1.0075573798471735,mondriaan1 (44).JPG,mondriaan1
1.5316606929510155,0.3868270880715131,0.3344761783685384,0.44511050119074214,4.368640695448606,3.479200099903638,1.014040561622465,mondriaan1 (45).JPG,mondriaan1
1.5304659498207884,0.3869141053173762,0.3344728011362729,0.44501010053563733,4.376341288028226,3.4741749883650113,1.0098890409131904,mondriaan1 (46).JPG,mondriaan1
1.5304659498207884,0.38606701236905794,0.3346013970349638,0.44467539919640925,4.372610630322599,3.4823824353173904,1.000655663091764,mondriaan1 (47).JPG,mondriaan1
1.5286396181384247,0.3873307021451122,0.3345548323364948,0.44502332486549007,4.366461166414217,3.485027173356138,1.0127827491574117,mondriaan1 (48).JPG,mondriaan1
1.5268176400476758,0.38934147519251966,0.3343210981241957,0.44454705374640535,4.346834964861889,3.5219988853315023,0.9701709871701469,mondriaan1 (49).JPG,mondriaan1
1.507728894173603,0.3878129621414472,0.33849835712215565,0.44572570036007625,4.384801779464885,3.399981995296271,0.9032359703972663,mondriaan1 (5).JPG,mondriaan1
1.5340501792114696,0.3864041474161148,0.33430109948089737,0.4447190815692201,4.383237121152908,3.4982525485992477,0.9927347707470308,mondriaan1 (50).JPG,mondriaan1
1.5035545023696681,0.3877585283499488,0.338538716378373,0.44529925732879766,4.366799995518358,3.3898953910045972,0.9147218207417864,mondriaan1 (51).JPG,mondriaan1
1.5286396181384247,0.3886376067698471,0.3349356057011947,0.44462793721197297,4.3397256394635,3.520332973754469,0.972912346596763,mondriaan1 (52).JPG,mondriaan1
1.5304659498207884,0.3890160245891015,0.33512863485954475,0.4446679998674952,4.350319950531479,3.519689012373659,0.9689450725939356,mondriaan1 (53).JPG,mondriaan1
1.529832935560859,0.3858279512571353,0.3342479733596432,0.4448350100548741,4.370687954009807,3.5006459924268087,0.9904906936134248,mondriaan1 (54).JPG,mondriaan1
1.5286396181384247,0.3891174531264297,0.33445032098598976,0.4447202020695296,4.339446174024992,3.521264525216167,0.9705834679425195,mondriaan1 (55).JPG,mondriaan1
1.529832935560859,0.3889321812725118,0.33442803578346136,0.44518291580611463,4.347324250965266,3.5212172210038757,0.9681508978736239,mondriaan1 (56).JPG,mondriaan1
1.532219570405728,0.3842671960693709,0.3341315885355331,0.44512158138659763,4.411464025754838,3.5062528345935657,0.9905278106156924,mondriaan1 (57).JPG,mondriaan1
1.475484606613455,0.38907897202940617,0.33704981349911994,0.4440807379165108,4.364587720890559,3.528697488099623,0.9756458631099769,mondriaan1 (58).JPG,mondriaan1
1.448471121177803,0.3808709213710628,0.3406053803222272,0.4450573083080353,4.46112256797452,3.4011388781403933,0.9220290838060949,mondriaan1 (59).JPG,mondriaan1
1.5065243179122183,0.3872687704224229,0.33885678573763894,0.4457681119396802,4.402350062114122,3.3907772204631,0.9013553021174844,mondriaan1 (6).JPG,mondriaan1
1.4446952595936795,0.38892422505802243,0.3409849070247898,0.44502585426388797,4.378262556433408,3.4225980530474045,0.9084897009029345,mondriaan1 (60).JPG,mondriaan1
1.4534090909090909,0.3888542986728835,0.34047080712399364,0.44523914129818554,4.385883858127799,3.4418757552064827,0.9236619518089416,mondriaan1 (61).JPG,mondriaan1
1.4517593643586832,0.388616806565685,0.3406188562999184,0.44499545088603176,4.377178183509215,3.4312242023643966,0.9219922985377162,mondriaan1 (62).JPG,mondriaan1
1.448471121177803,0.3882497965740361,0.34160179128113244,0.44510446648048785,4.409943002965404,3.433369607661705,0.9103410170566083,mondriaan1 (63).JPG,mondriaan1
1.47098976109215,0.38929037800646893,0.3365512197410394,0.443759536623752,4.34438698971534,3.5225116075270098,0.9639724534049186,mondriaan1 (64).JPG,mondriaan1
1.4469525959367946,0.38875799011203044,0.3406386937438456,0.4450927458441801,4.379707919693763,3.4184031018125602,0.9134112542831285,mondriaan1 (65).JPG,mondriaan1
1.4430665163472378,0.3884794614660392,0.34082486347477836,0.44500160177848436,4.356151352874859,3.4133666854565954,0.905527762119504,mondriaan1 (66).JPG,mondriaan1
1.4433221099887767,0.38824844855026036,0.3402928905867199,0.4449974331267972,4.329453163045698,3.427309207506201,0.9033657815410018,mondriaan1 (67).JPG,mondriaan1
1.4455667789001123,0.3872566822987458,0.33562851477989414,0.4453762509323337,4.36830346250636,3.445078807397648,0.8910708186070504,mondriaan1 (68).JPG,mondriaan1
1.449438202247191,0.3867049980781368,0.33627616827081586,0.4457033149022515,4.379409459106349,3.443515373225329,0.8975698980925007,mondriaan1 (69).JPG,mondriaan1
1.532219570405728,0.38818616177034765,0.33438778820962056,0.44556464755300756,4.355887404367318,3.468334337058268,1.0094870593833412,mondriaan1 (7).JPG,mondriaan1
1.446067415730337,0.3877416102604792,0.34013048636592497,0.44498990505678576,4.32274342386702,3.436613324253774,0.9248055315471047,mondriaan1 (70).JPG,mondriaan1
1.449438202247191,0.38688802017475526,0.3358623530390655,0.445482509081195,4.372528525389774,3.4510931103562412,0.9047992335162443,mondriaan1 (71).JPG,mondriaan1
1.4449438202247191,0.3877220324587248,0.3404162785236636,0.4451929538125551,4.3208625299246854,3.4261799500235903,0.9085746238663569,mondriaan1 (72).JPG,mondriaan1
1.4488188976377954,0.387806274054659,0.34006718745140896,0.4450427519881905,4.32747731067778,3.4354498389564654,0.9266116580147978,mondriaan1 (73).JPG,mondriaan1
1.4449438202247191,0.38834561959975644,0.3401468890686192,0.4449575785746046,4.323046813567022,3.432295944222133,0.9208066122634421,mondriaan1 (74).JPG,mondriaan1
1.4572405929304446,0.38785872599947435,0.34168268823297043,0.4456949435804427,4.423602300487328,3.4355633356709365,0.9047952990972568,mondriaan1 (75).JPG,mondriaan1
1.4561003420752565,0.3886151020806369,0.34027307650719685,0.44540695789236767,4.37384869933719,3.4204846914402607,0.9178260407579408,mondriaan1 (76).JPG,mondriaan1
1.458380843785633,0.386730991409257,0.3406918481693826,0.44529211479932734,4.391615099809839,3.4468740276887497,0.9344886211166614,mondriaan1 (77).JPG,mondriaan1
1.4555808656036446,0.38858705492520457,0.34031184676307213,0.445430219722505,4.3917389428955405,3.4235404836001586,0.9091119737916235,mondriaan1 (78).JPG,mondriaan1
1.4577625570776256,0.38860511283061605,0.34051916633415935,0.4455850879296316,4.3876022212448555,3.4290378062167677,0.9057329714692326,mondriaan1 (79).JPG,mondriaan1
1.5273809523809523,0.3883402770251319,0.3335867881910955,0.4444083712813308,4.3228296774672454,3.53811750733029,0.96388672382437,mondriaan1 (8).JPG,mondriaan1
1.4555808656036446,0.3881611893252703,0.34051782332286096,0.44554085595864384,4.392273662221367,3.411331058993801,0.9072404561512328,mondriaan1 (80).JPG,mondriaan1
1.458380843785633,0.37954695863176435,0.3410062234197111,0.4455246713938272,4.526145087337509,3.435195148718488,0.9272673295396293,mondriaan1 (81).JPG,mondriaan1
1.4572405929304446,0.3888826239416223,0.34031276743968986,0.44536998893658253,4.376047237434489,3.438953752924235,0.9246916950837165,mondriaan1 (82).JPG,mondriaan1
1.4572405929304446,0.38833960927080885,0.3404976293153499,0.44541596367307573,4.386843039741044,3.4261058559643685,0.9130036777105048,mondriaan1 (83).JPG,mondriaan1
1.4837988826815642,0.3895240607274444,0.33762889768498344,0.44418975598561816,4.3486235444571575,3.5381470014134755,0.9603217338628256,mondriaan1 (84).JPG,mondriaan1
1.483835005574136,0.37756721824211037,0.3373349861265836,0.443947348160852,4.5211226670084015,3.526070288556814,0.962302758925109,mondriaan1 (85).JPG,mondriaan1
1.4837988826815642,0.38960597667428953,0.3378359496005756,0.4440702460864328,4.355186107558726,3.541764824661776,0.9540115770343945,mondriaan1 (86).JPG,mondriaan1
1.4810267857142858,0.3900276567750487,0.3372801957131593,0.443959617628792,4.348893852944342,3.5424123963828187,0.9650191086231027,mondriaan1 (87).JPG,mondriaan1
1.4860022396416572,0.3890871296750255,0.3369664974053466,0.44397529138077485,4.376077521643259,3.529840651268216,0.9518055106661457,mondriaan1 (88).JPG,mondriaan1
1.4799107142857142,0.3894913962222758,0.33766988383959146,0.44372679132895404,4.342830882352941,3.5376770900667958,0.9590975813402285,mondriaan1 (89).JPG,mondriaan1
1.5310262529832936,0.388112130706497,0.334581303148224,0.4446445010280618,4.346447113622793,3.5287037949912294,0.9592114245959185,mondriaan1 (9).JPG,mondriaan1
1.4804469273743017,0.3767062208394503,0.33793452697094944,0.44408833430818767,4.53850532307368,3.524739116685991,0.9645198692948245,mondriaan1 (90).JPG,mondriaan1
1.475977653631285,0.38921303716908157,0.3389017727556174,0.4440739388660742,4.371497807230853,3.5553732359521097,0.9522158175413074,mondriaan1 (91).JPG,mondriaan1
1.4821029082774049,0.3895657728831299,0.3369668547722946,0.4439201022769701,4.3539740829851,3.5339158330167577,0.9537799164239585,mondriaan1 (92).JPG,mondriaan1
1.47,0.3833727681598002,0.33979216198361417,0.445855640164135,4.467624086671706,3.4418409339044262,0.9482657260435038,mondriaan1 (93).JPG,mondriaan1
1.4732739420935412,0.3891497011056345,0.3400665066859908,0.4458229446951066,4.348539712841336,3.4560718620534088,0.9417922080982851,mondriaan1 (94).JPG,mondriaan1
1.4694104560622914,0.38892954835185284,0.3405632501616461,0.4457630761430226,4.372424908153478,3.446591763579518,0.9325695385317525,mondriaan1 (95).JPG,mondriaan1
1.4572697003329633,0.38201630278196774,0.341039089318162,0.4461076222434529,4.564785002362611,3.457612046528652,0.9218833605378809,mondriaan1 (96).JPG,mondriaan1
1.4682981090100111,0.3891008694025446,0.3399488253808699,0.4457433317486631,4.360568982370984,3.4484443995011294,0.9406916776215998,mondriaan1 (97).JPG,mondriaan1
1.46,0.3822834343336601,0.34167712494510666,0.44584481790286207,4.4694740402502955,3.45687468290208,0.93480466768138,mondriaan1 (98).JPG,mondriaan1
1.4655555555555555,0.37884309602138866,0.34061327915524414,0.4461522160918693,4.547552859910707,3.4237216746693626,0.9269648723780641,mondriaan1 (99).JPG,mondriaan1
1.2160356347438752,0.27725834849853215,0.20065372947554466,0.38859526853676674,16.57295006404138,19.92584253163318,4.274660009626602,mondriaan2 (1).JPG,mondriaan2
1.275229357798165,0.28160534963250244,0.1964244758204013,0.38890155561921796,16.657522605768595,19.876163289551847,4.415550128704376,mondriaan2 (10).JPG,mondriaan2
1.2146829810901,0.2774203381464324,0.20048487642716797,0.38860249035316,16.60860459525643,19.926088001727603,4.263997033741194,mondriaan2 (100).JPG,mondriaan2
1.2702078521939955,0.2826643892607256,0.1961557858111602,0.3874752445637614,16.475435649800545,19.79813142977115,4.466617677934075,mondriaan2 (11).JPG,mondriaan2
1.2684331797235022,0.2828004150209666,0.19658034624871096,0.3866535075967428,16.522265054391276,19.80143731923639,4.426014055090262,mondriaan2 (12).JPG,mondriaan2
1.2684331797235022,0.28280538648108045,0.19630488360812318,0.38678976636956713,16.48522290167715,19.80101876383849,4.446313991888396,mondriaan2 (13).JPG,mondriaan2
1.2160356347438752,0.27701243422841365,0.20091153596051411,0.3886521253238221,16.56876901865766,19.929309740000164,4.262014896758772,mondriaan2 (131).jpg,mondriaan2
1.204217536071032,0.2799153762880562,0.19984999386316332,0.3886059080759063,16.452584685730653,19.741710439501425,4.538735762107643,mondriaan2 (132).jpg,mondriaan2
1.2588726513569937,0.2800730953826166,0.19843935748087757,0.3625037220726897,16.487413316161017,19.656847980002564,4.649681308142655,mondriaan2 (133).jpg,mondriaan2
1.2418162618796198,0.27929623360699085,0.19972921755636652,0.38758464796656544,16.65454460559303,19.91510965526654,4.352807648930745,mondriaan2 (134).jpg,mondriaan2
1.248665955176094,0.28072601283128606,0.19870391268070897,0.38735114274209975,16.666210582966187,19.92866850924482,4.297311842669367,mondriaan2 (135).jpg,mondriaan2
1.25947187141217,0.2823534444060149,0.19644398477604066,0.38723340290980274,16.49839296610001,19.75610343207181,4.50042753067284,mondriaan2 (136).jpg,mondriaan2
1.247588424437299,0.2803827350159805,0.19877034777325375,0.38779834830522053,16.645304103453736,19.907514834090232,4.346913293775759,mondriaan2 (137).jpg,mondriaan2
1.2477272727272728,0.2821430947000645,0.197419870532032,0.387796859502685,16.46599188607385,19.858109786388475,4.478286968041066,mondriaan2 (138).jpg,mondriaan2
1.2280163599182004,0.27891492489644854,0.20024859620532784,0.3639081134111356,16.482515422560272,19.724020031023908,4.64090081714454,mondriaan2 (139).jpg,mondriaan2
1.2391304347826086,0.27773049341257167,0.2018671548447569,0.38808057290123,16.881237177008522,19.446152415846313,4.297749069771864,mondriaan2 (14).JPG,mondriaan2
1.2742123687281213,0.2834992784478921,0.19569667846342134,0.3869989856442543,16.448147340796115,19.815482067524073,4.4759596684917575,mondriaan2 (140).jpg,mondriaan2
1.2451539338654505,0.2823973881509084,0.19677023965727194,0.3876686565756944,16.411885340049537,19.708797473905797,4.581678298896087,mondriaan2 (141).jpg,mondriaan2
1.2160356347438752,0.27722678535901635,0.20059869003687286,0.3886265497267076,16.5775390162918,19.928187996116726,4.268949313492743,mondriaan2 (142).jpg,mondriaan2
1.1846496106785318,0.27454324883642184,0.20543268206188758,0.3875330637443299,16.88939719145425,19.402361518014278,4.278201653375947,mondriaan2 (143).jpg,mondriaan2
1.219484882418813,0.2808218966804859,0.19858844964635713,0.3878086139615955,16.433087877656746,19.72869281227217,4.519798411684801,mondriaan2 (144).jpg,mondriaan2
1.221294363256785,0.27889571249132905,0.20117868899946834,0.38809556646639615,16.66399015042021,19.95066288385704,4.387166996770337,mondriaan2 (145).jpg,mondriaan2
1.2368125701459034,0.28131285523929633,0.1985744854604011,0.38755135616648667,16.559423637463567,19.82478546301898,4.450738479776592,mondriaan2 (146).jpg,mondriaan2
1.1919191919191918,0.28122825119925476,0.19878358869621043,0.3893045673493243,16.35661701763397,20.634480397192263,4.317668207498715,mondriaan2 (147).jpg,mondriaan2
1.2144444444444444,0.2775060301527552,0.20045821241563988,0.38891337555112904,16.561959947138355,19.960862051438447,4.265426451153807,mondriaan2 (148).jpg,mondriaan2
1.2759022118742724,0.28320433881843,0.19580702819338627,0.38763218592749765,16.500790258576007,19.80819234723792,4.487903945344697,mondriaan2 (149).jpg,mondriaan2
1.2479815455594003,0.2784081290602646,0.2011399478331178,0.38792983588650576,16.84745878344814,19.468198282901287,4.329203683212983,mondriaan2 (15).JPG,mondriaan2
1.2733485193621867,0.2810126145630264,0.19681569053897063,0.38827317570801745,16.64133397989413,19.880827706488564,4.406970631741517,mondriaan2 (150).jpg,mondriaan2
1.2586206896551724,0.28256597696388336,0.19627227566173647,0.38782480181400036,16.459350233559018,19.818821183015796,4.52674119561224,mondriaan2 (152).jpg,mondriaan2
1.2420718816067653,0.27987472527996377,0.19943749888428972,0.38761539088302593,16.614907111690883,19.949889793531554,4.380819576267374,mondriaan2 (153).jpg,mondriaan2
1.2554973821989528,0.28022665555834236,0.19914110928760465,0.386050678327128,16.647293337816418,20.06750826386736,4.188219676955927,mondriaan2 (154).jpg,mondriaan2
1.2502685284640171,0.280523101030065,0.19867262437408445,0.38803496323130066,16.675433059821867,19.91807574901909,4.356805120311826,mondriaan2 (155).jpg,mondriaan2
1.1517094017094016,0.2778924346042051,0.20393316112834653,0.3857896728779014,16.439909297052154,19.681310752739325,4.533462569176855,mondriaan2 (156).jpg,mondriaan2
1.2401795735129069,0.28152963550444965,0.19849188882834234,0.38719075448923485,16.552858905800083,19.847037494096316,4.451147980559745,mondriaan2 (157).jpg,mondriaan2
1.2580310880829015,0.28078918928468616,0.19803316057439682,0.36008898998472305,16.48615888895528,19.6958626046726,4.6629563554728515,mondriaan2 (158).jpg,mondriaan2
1.3269461077844311,0.273149056346657,0.20855302501059161,0.39175868604512293,19.05131974318511,18.64707408288117,4.2922458332432605,mondriaan2 (159).jpg,mondriaan2
1.2514484356894553,0.2767669573389543,0.2010739984498784,0.38907974086037533,16.986931891335136,19.472554825973134,4.220634307540449,mondriaan2 (16).JPG,mondriaan2
1.2502685284640171,0.28096655127401743,0.19846837672823264,0.38770767822443375,16.6435049331724,19.946774151874532,4.319986269059984,mondriaan2 (160).jpg,mondriaan2
1.2310969116080936,0.28102287014480337,0.2002627750344995,0.3866525541658001,16.578503229895606,19.859159600694255,4.407066340913362,mondriaan2 (161).jpg,mondriaan2
1.163616792249731,0.2770725013145735,0.20293146358118927,0.38699776314703144,16.39205017879032,19.618739973851106,4.526467041540495,mondriaan2 (162).jpg,mondriaan2
1.2308546059933407,0.27783537552391335,0.19935687292091586,0.38954440233198645,16.55399420941965,19.901542119816774,4.329524654001315,mondriaan2 (163).jpg,mondriaan2
1.2071269487750558,0.2795767002722704,0.2015283232143064,0.3877770943490379,16.582668332251252,19.8154570632566,4.42085322857683,mondriaan2 (165).jpg,mondriaan2
1.1541755888650964,0.2776716953283827,0.20400234579956888,0.3860304108307667,16.46458466586946,19.62612181333503,4.545851823306703,mondriaan2 (166).jpg,mondriaan2
1.1600429645542427,0.2777742049126849,0.20316386549000928,0.38413863700214396,16.375661375661377,19.611429367068464,4.561502963758603,mondriaan2 (167).jpg,mondriaan2
1.2397043294614571,0.2792240476918645,0.19952786915270412,0.38796661190514786,16.673562527770834,19.93869279658349,4.373535004290425,mondriaan2 (168).jpg,mondriaan2
1.2549634273772206,0.2806855336119862,0.1989433691183016,0.38574220603461606,16.75475940025597,19.925662783625974,4.206786925211227,mondriaan2 (169).jpg,mondriaan2
1.2820211515863689,0.28355729824620296,0.19548995911066766,0.3874946449940009,16.50347194921379,19.80028887134454,4.503571040055319,mondriaan2 (17).JPG,mondriaan2
1.1820987654320987,0.2772164022836361,0.20337712439168842,0.38861741259442123,16.66353279108332,19.938164157775415,4.365309608999774,mondriaan2 (170).jpg,mondriaan2
1.2636986301369864,0.282804878115501,0.19688729926071766,0.3873542693558884,16.552511415525114,19.825065069524364,4.473297777117802,mondriaan2 (171).jpg,mondriaan2
1.176278563656148,0.27822320439125064,0.20181987468248846,0.38812128170233107,16.480528749122996,19.824367676324364,4.486435503337397,mondriaan2 (172).jpg,mondriaan2
1.275462962962963,0.2724226268982694,0.20997490921159648,0.38987689473136267,18.615669321771865,18.922140720575385,4.315806278147476,mondriaan2 (173).jpg,mondriaan2
1.2451977401129943,0.2815905295537564,0.1978659371652819,0.38762999453302693,16.490305248802894,19.852963794641486,4.463686978990433,mondriaan2 (174).jpg,mondriaan2
1.2623705408515535,0.2825078928407587,0.19600204342466016,0.38763213093584564,16.451395321270585,19.784892997221213,4.525785881150916,mondriaan2 (175).jpg,mondriaan2
1.2157953281423803,0.2773964246104431,0.20049534215210038,0.3885445431417446,16.565931242093736,19.946937076572834,4.265794971947075,mondriaan2 (176).jpg,mondriaan2
1.2548131370328426,0.2819517544807552,0.19790582694012596,0.3873261407714039,16.5940283984284,19.811746957165226,4.442313903618694,mondriaan2 (177).jpg,mondriaan2
1.2428078250863062,0.2783834752192624,0.2010669498260637,0.3879304300380199,16.849507735583686,19.41706090440268,4.34077057494779,mondriaan2 (178).jpg,mondriaan2
1.2411575562700965,0.28160731403923345,0.19948006191754303,0.38657719820406516,16.532088625286235,19.886358377436796,4.407939919327221,mondriaan2 (179).jpg,mondriaan2
1.2436781609195402,0.27808502767134274,0.20159554820611034,0.38826614885911187,16.85331548643423,19.44079716149319,4.321180444897699,mondriaan2 (18).JPG,mondriaan2
1.2448275862068965,0.2780420272774642,0.20148212963285939,0.3878791761103052,16.836161789834538,19.43749270332516,4.326954712855946,mondriaan2 (180).jpg,mondriaan2
1.163616792249731,0.27760120996717663,0.20256358913505232,0.38356381552087665,16.43297628377026,19.61067424513243,4.552655765651746,mondriaan2 (181).jpg,mondriaan2
1.1643394199785178,0.277396104029961,0.20262135730750203,0.3866232998766489,16.36656216186222,19.70216130732736,4.5137553953412795,mondriaan2 (182).jpg,mondriaan2
1.25947187141217,0.282322632194557,0.19644648534262737,0.3872115269139359,16.493474008542243,19.755684797386046,4.503671949487539,mondriaan2 (183).jpg,mondriaan2
1.2411575562700965,0.2817084979978167,0.1993656840477531,0.38654972502724627,16.5642059432773,19.847576947355368,4.406088777079898,mondriaan2 (184).jpg,mondriaan2
1.2135706340378198,0.27676297338466704,0.2009116044196721,0.38929458753691915,16.563061717418986,19.86054369403217,4.318679783729554,mondriaan2 (186).jpg,mondriaan2
1.1600429645542427,0.27738158476641805,0.20281043254948775,0.3865079683976945,16.379341210168278,19.620579225842384,4.526096988503003,mondriaan2 (187).jpg,mondriaan2
1.2492276004119465,0.2816806402056991,0.19909453497113,0.3631788801063843,16.416048930951423,19.645736243900824,4.70045159586797,mondriaan2 (188).jpg,mondriaan2
1.2694954128440368,0.28255869422273633,0.19640817369239688,0.3875089324322214,16.53820972460489,19.85923605413424,4.453208522910917,mondriaan2 (189).jpg,mondriaan2
1.2418162618796198,0.27957620148837775,0.1999546573793856,0.3878457614926141,16.715424290096188,19.908554762982277,4.3802843206976565,mondriaan2 (19).JPG,mondriaan2
1.2560083594566354,0.2802436670135898,0.19913556678677685,0.38606044638508963,16.742124324314926,19.92221254370546,4.218761138263118,mondriaan2 (190).jpg,mondriaan2
1.2214137214137215,0.280124500080858,0.20136477928179536,0.3871392247952737,16.650683416640863,19.875436811607024,4.453576325916751,mondriaan2 (191).jpg,mondriaan2
1.256544502617801,0.28180102471932744,0.20019520323193715,0.38471007705294136,16.623996509598605,19.961082024432812,4.2577661431064575,mondriaan2 (192).jpg,mondriaan2
1.2133333333333334,0.27730743925881024,0.20079095008238942,0.38883177760522525,16.61100936100936,19.92857142857143,4.276862026862027,mondriaan2 (193).jpg,mondriaan2
1.2649769585253456,0.28252452926095195,0.19582709906059922,0.38751002256850303,16.38662251433272,19.813254933561648,4.526453627458387,mondriaan2 (194).jpg,mondriaan2
1.2489270386266094,0.2806390721360785,0.19880384883375957,0.38756859472893057,16.66933985221893,19.889053581699926,4.329177912481748,mondriaan2 (195).jpg,mondriaan2
1.2407602956705386,0.2797463309283884,0.1996614017709586,0.38782293841740734,16.63717450403289,19.931968815295782,4.378799793300232,mondriaan2 (196).jpg,mondriaan2
1.2641291810841984,0.2827823717955108,0.19564466843348702,0.38807481698753216,16.43935375781914,19.740126621709226,4.543732477963276,mondriaan2 (197).jpg,mondriaan2
1.2160356347438752,0.2769289732187749,0.20069757729208182,0.38868082391472447,16.545110420388816,19.933388808667203,4.263238617358884,mondriaan2 (198).jpg,mondriaan2
1.241014799154334,0.2795754026391683,0.19953518198132772,0.38772826135737454,16.663905406427492,19.920511721549715,4.371495150386637,mondriaan2 (199).jpg,mondriaan2
1.2695852534562213,0.2825851216220023,0.1970070659579395,0.3873862641850113,16.576480132478025,19.806363796030677,4.465906144672025,mondriaan2 (2).JPG,mondriaan2
1.2402116402116403,0.27928851144793526,0.20000921560167478,0.3873199993514991,16.58946855192589,19.988352565144375,4.296458818643119,mondriaan2 (20).JPG,mondriaan2
1.1670258620689655,0.2775205856303602,0.2028292737974632,0.3848442748558913,16.41662288661763,19.68012704174229,4.542379087464578,mondriaan2 (200).jpg,mondriaan2
1.2591431556948798,0.2803740667311515,0.1980107322405916,0.36074495731940354,16.45729002718558,19.690335895801628,4.690661082133396,mondriaan2 (201).jpg,mondriaan2
1.2597701149425287,0.2827091518068397,0.19612400773158875,0.3869881152434479,16.43353049752496,19.778924406409935,4.500167799312023,mondriaan2 (202).jpg,mondriaan2
1.2629757785467128,0.28284798149385454,0.19575928876985565,0.3877854952706835,16.451944194277228,19.673360614726686,4.57779673781949,mondriaan2 (203).jpg,mondriaan2
1.1612903225806452,0.2776161807535782,0.20258693942830097,0.38682157408654066,16.409000398247713,19.63978494623656,4.517622461170848,mondriaan2 (204).jpg,mondriaan2
1.2739884393063583,0.2823439528114239,0.19631947167957073,0.38749508744011213,16.51794425269872,19.80980455923544,4.465134332742361,mondriaan2 (205).jpg,mondriaan2
1.2290562036055144,0.2806776281843771,0.2000787601090678,0.38697481523729316,16.567377625608795,19.883305259132044,4.417729475715435,mondriaan2 (206).jpg,mondriaan2
1.2411575562700965,0.281816701309167,0.19933975041743937,0.38667927656557327,16.57096261248003,19.875066409728124,4.413678460293925,mondriaan2 (207).jpg,mondriaan2
1.206896551724138,0.2794299040466029,0.20163905963281914,0.3876202139400676,16.5935524879154,19.801622898971207,4.42057995827417,mondriaan2 (208).jpg,mondriaan2
1.2455216016859854,0.28004083905913024,0.199493941502922,0.38772652583382294,16.673441988093263,19.88663817465709,4.385148495432898,mondriaan2 (209).jpg,mondriaan2
1.2418162618796198,0.27953137790511307,0.19997632166805926,0.3876826059697412,16.688306790509234,19.90029380284321,4.381182251147555,mondriaan2 (21).JPG,mondriaan2
1.2456546929316339,0.27781341608940396,0.20156626268890618,0.3880499388518404,16.918591177342424,19.41189468862001,4.282195693767011,mondriaan2 (210).jpg,mondriaan2
1.221987315010571,0.28038077093191394,0.20041288497645066,0.38681143069749074,16.592445335303626,19.889884196434448,4.398048238073988,mondriaan2 (211).jpg,mondriaan2
1.1646932185145318,0.2776907834556871,0.20268017178468237,0.38699071043019984,16.437387209031634,19.681787703272455,4.515120704989564,mondriaan2 (212).jpg,mondriaan2
1.179959100204499,0.2791902471654299,0.2026645206354685,0.38691686487725335,16.414321307942853,20.246639234741433,4.281010657338395,mondriaan2 (213).jpg,mondriaan2
1.2304199772985245,0.27673039440663355,0.2033086212636933,0.3881781372443934,16.98715398050689,19.415520772687863,4.271709856712642,mondriaan2 (214).jpg,mondriaan2
1.2155555555555555,0.27716597629021483,0.20062455454175002,0.38881652674660006,16.58033719276864,19.93530367661995,4.272496445256957,mondriaan2 (215).jpg,mondriaan2
1.2039691289966923,0.27940798305852416,0.20072681657465774,0.3871185285633022,16.46524185112939,19.81071115580487,4.4546688151980325,mondriaan2 (216).jpg,mondriaan2
1.2307692307692308,0.2782039374426937,0.1991949810862166,0.38921352550141664,16.527818170067697,19.90713812547461,4.332275055337438,mondriaan2 (217).jpg,mondriaan2
1.2601880877742946,0.28060060436467826,0.19799629528898785,0.365676526440552,16.471630007399433,19.682846651451904,4.62135508455632,mondriaan2 (218).jpg,mondriaan2
1.2407602956705386,0.28009379022195313,0.1995289147401693,0.38782358497766434,16.702329865869824,19.926756386348828,4.354984385180526,mondriaan2 (22).JPG,mondriaan2
1.2402116402116403,0.2792839621206896,0.19996442526275357,0.38742337001546245,16.57682792495079,19.982393412427545,4.30259855174531,mondriaan2 (220).jpg,mondriaan2
1.1623655913978495,0.27766234102157017,0.20276148582485362,0.38654012168694396,16.392030477554634,19.64688211830941,4.5252802562342715,mondriaan2 (221).jpg,mondriaan2
1.2419354838709677,0.27729257169730637,0.20191780096271614,0.3874862795985837,16.84656686302506,19.369159477783572,4.301360259227277,mondriaan2 (222).jpg,mondriaan2
1.2402298850574713,0.27739701358952784,0.2021919478039509,0.3877118180461376,16.8736484399135,19.451066866937243,4.2983605509571445,mondriaan2 (223).jpg,mondriaan2
1.2130115424973766,0.2798924770224439,0.2013523222779402,0.387396987787564,16.630418601611375,19.87150393766543,4.414124763540377,mondriaan2 (224).jpg,mondriaan2
1.241014799154334,0.2796724377934359,0.19961554787433924,0.38788227068347925,16.66570622832261,19.900162434134938,4.40823191704694,mondriaan2 (225).jpg,mondriaan2
1.2560553633217992,0.2825802549050811,0.1969762424479056,0.38734464689039155,16.447371905063,19.80060646307894,4.492232803022359,mondriaan2 (226).jpg,mondriaan2
1.247588424437299,0.2810417116141701,0.1985332702853619,0.38762642757063676,16.66141810587728,19.932468517843265,4.352253934578991,mondriaan2 (227).jpg,mondriaan2
1.2489270386266094,0.2804197414988403,0.19878665706068152,0.3879956654880162,16.665560520920902,19.94270165036945,4.3453092046074655,mondriaan2 (229).jpg,mondriaan2
1.241014799154334,0.2799791038705592,0.19937881926214346,0.38825904036426445,16.651479735351217,19.94563318698654,4.397426985676263,mondriaan2 (23).JPG,mondriaan2
1.188465499485067,0.27687531018796435,0.2031530648939263,0.387948252116093,16.610205491310392,20.078284103829066,4.2596654809224885,mondriaan2 (230).jpg,mondriaan2
1.238648363252376,0.27962567867538374,0.19980305476288812,0.38838736476365887,16.68435612617941,19.91013934612916,4.384915437181713,mondriaan2 (24).JPG,mondriaan2
1.2418162618796198,0.27954546773511657,0.19972952726335244,0.3878184167099712,16.69261685666875,19.913942345681672,4.374088600593352,mondriaan2 (25).JPG,mondriaan2
1.2407602956705386,0.27972263889842813,0.19941647601863158,0.38772767533764824,16.706463861241545,19.926396908490418,4.370801410950595,mondriaan2 (26).JPG,mondriaan2
1.2489270386266094,0.28128256877620983,0.19857278930956176,0.3875733637885407,16.66436219636299,19.93274633865758,4.365219828031208,mondriaan2 (27).JPG,mondriaan2
1.247588424437299,0.280736109514007,0.198890066868862,0.3873189808133796,16.721454274906723,19.90530491375786,4.298939606560516,mondriaan2 (28).JPG,mondriaan2
1.2489270386266094,0.2809470277242522,0.19871614152156192,0.38792858884597375,16.669708567467517,19.939844107192897,4.372778490627258,mondriaan2 (29).JPG,mondriaan2
1.2689655172413794,0.2829045326895859,0.19641927739850312,0.38771541448265295,16.55630518074296,19.857362985174078,4.481717474596035,mondriaan2 (3).JPG,mondriaan2
1.2489270386266094,0.281211111355093,0.1986055195516512,0.3877897085307978,16.633297936669468,19.945006120673124,4.3597812781145375,mondriaan2 (30).JPG,mondriaan2
1.2502685284640171,0.28082030020937593,0.1988428849468052,0.3878469088027775,16.680969729183044,19.929795032500248,4.3522835070001955,mondriaan2 (31).JPG,mondriaan2
1.2491944146079483,0.2812647105463843,0.19861129413821652,0.3880658420522403,16.67545599042441,19.93335506805338,4.364615013765836,mondriaan2 (32).JPG,mondriaan2
1.2390139335476955,0.28069577697575043,0.2000951036324101,0.38632193315032926,16.58850602847532,19.950804229389885,4.315524204764183,mondriaan2 (33).JPG,mondriaan2
1.2502685284640171,0.28112136199321125,0.19853370114576097,0.3878217607530907,16.66232960900041,19.958770268823752,4.34240977997276,mondriaan2 (34).JPG,mondriaan2
1.2489270386266094,0.28070207629124005,0.19879022690046466,0.3878660491607641,16.680677846113003,19.891818946064333,4.357661165435157,mondriaan2 (35).JPG,mondriaan2
1.25418410041841,0.2799947990448662,0.19938623907857525,0.3862020438227093,16.677513688185066,20.042067831979928,4.176248687016028,mondriaan2 (36).JPG,mondriaan2
1.2560083594566354,0.2802845680702625,0.19911452474031963,0.3861650042090355,16.756989830602777,19.919865358502115,4.2162400874891555,mondriaan2 (37).JPG,mondriaan2
1.2549634273772206,0.28089109725055106,0.1989465158972217,0.386167262341282,16.716651136244003,19.939148584817424,4.237151729184231,mondriaan2 (38).JPG,mondriaan2
1.2536534446764092,0.28012653640980356,0.1990165108832615,0.3863965219085786,16.75812953366975,19.919204420811468,4.214650630389776,mondriaan2 (39).JPG,mondriaan2
1.2613636363636365,0.2825601011340718,0.19737086894260222,0.3873066432594119,16.555384930384932,19.804463554463556,4.473894348894349,mondriaan2 (4).JPG,mondriaan2
1.2539184952978057,0.2805335379054706,0.19896615356191197,0.3862224251376869,16.719435736677116,19.956548241031,4.222309299895507,mondriaan2 (40).JPG,mondriaan2
1.2549634273772206,0.2802843392517571,0.19909279759141407,0.386369134407753,16.780947956118073,19.927228876667563,4.2096580957874705,mondriaan2 (41).JPG,mondriaan2
1.2552301255230125,0.2800131492912493,0.1994232120994361,0.3861149674566724,16.696391213389123,20.04105648535565,4.168148535564853,mondriaan2 (42).JPG,mondriaan2
1.2539184952978057,0.28082595310053265,0.1988021186933997,0.38653296491891503,16.72257053291536,19.93747823058168,4.267415534656914,mondriaan2 (43).JPG,mondriaan2
1.2554973821989528,0.2802493219240611,0.19914729807047643,0.3860542436412288,16.64790466750215,20.065499609185665,4.18848167539267,mondriaan2 (44).JPG,mondriaan2
1.1611170784103115,0.27774226077776365,0.2029262566446407,0.3865901116978294,16.506675702074002,19.761608329002765,4.499950815322965,mondriaan2 (45).JPG,mondriaan2
1.1609442060085837,0.27764616680701054,0.20277998703274788,0.3868744897676161,16.41482154331908,19.689337024902223,4.5142717745710135,mondriaan2 (46).JPG,mondriaan2
1.163616792249731,0.2772748850617877,0.2033414727541281,0.3832660031908043,16.469421428350937,19.679481881485568,4.559227840903999,mondriaan2 (47).JPG,mondriaan2
1.1634408602150537,0.277634638196484,0.20265943519099155,0.3869314771926477,16.4495259674438,19.706735833681154,4.504203684932324,mondriaan2 (48).JPG,mondriaan2
1.259049773755656,0.2825791151118773,0.197237006414668,0.3875405161690133,16.550292105231062,19.84465774698849,4.483723823346465,mondriaan2 (5).JPG,mondriaan2
1.1646932185145318,0.27769932415643345,0.20308023589245852,0.38405506446474447,16.486333763771192,19.675420671761618,4.565161593270048,mondriaan2 (51).JPG,mondriaan2
1.1623655913978495,0.2778617480622109,0.2025488895408826,0.38357976395904797,16.433708334576703,19.646285299354442,4.557409009976824,mondriaan2 (52).JPG,mondriaan2
1.165948275862069,0.2775499454383726,0.2024451781512044,0.3776657645469524,16.405204283255785,19.675210338453695,4.621868825291606,mondriaan2 (53).JPG,mondriaan2
1.2437070938215102,0.2779587921429155,0.20169598947488016,0.3877334402858317,16.8406947932609,19.453958683757914,4.329932065875259,mondriaan2 (58).JPG,mondriaan2
1.2622576966932726,0.28272333199292193,0.19696033798761067,0.38764719632832956,16.536109488802982,19.840879898726772,4.492402962798157,mondriaan2 (6).JPG,mondriaan2
1.2601880877742946,0.28027619518562613,0.19839095929233044,0.3532866527338204,16.49909629837576,19.70242829738455,4.713024913745449,mondriaan2 (64).JPG,mondriaan2
1.2588726513569937,0.2800906796973984,0.19852288703833704,0.36623463829221864,16.504377901723117,19.670177297229927,4.628302468174091,mondriaan2 (65).JPG,mondriaan2
1.2601880877742946,0.28052568488808216,0.1983551795542083,0.36400942434303996,16.5248297003315,19.70086869726602,4.630366107463379,mondriaan2 (66).JPG,mondriaan2
1.2601880877742946,0.28007017321963096,0.1983160492751692,0.35929724782280387,16.493724342411937,19.701561852874256,4.702627579621918,mondriaan2 (67).JPG,mondriaan2
1.2601880877742946,0.28040161046994777,0.19796713192232726,0.3586329280559561,16.47986123024723,19.689518274181168,4.651767286867647,mondriaan2 (68).JPG,mondriaan2
1.2601880877742946,0.28018942095616156,0.1984832366725955,0.3629271288619292,16.482200630425027,19.686659007297198,4.641889819450292,mondriaan2 (69).JPG,mondriaan2
1.268348623853211,0.28291687269425503,0.19657783782254068,0.3874688451865694,16.55668828906548,19.85116628232991,4.466566849710503,mondriaan2 (7).JPG,mondriaan2
1.27816091954023,0.28145367821044426,0.19615110532879093,0.38867986632510193,16.619531960638387,19.87141321425618,4.417638303150583,mondriaan2 (8).JPG,mondriaan2
1.2653534183082271,0.28326919942473444,0.19556232229629006,0.3875176149662698,16.44043480659935,19.679731238248042,4.55604650274407,mondriaan2 (82).JPG,mondriaan2
1.2632794457274827,0.2831348447538533,0.19564824168046785,0.38781525722812155,16.424038741656148,19.716509535530776,4.551912383734922,mondriaan2 (83).JPG,mondriaan2
1.2670520231213873,0.28293451358599325,0.195355772537524,0.3879018206188709,16.41776718281929,19.7215307370997,4.5617273532762335,mondriaan2 (84).JPG,mondriaan2
1.2629757785467128,0.2827434656574453,0.19602257906175763,0.38767194612102046,16.461318881568207,19.655032574404995,4.548724673860949,mondriaan2 (85).JPG,mondriaan2
1.2623705408515535,0.282199513988527,0.195975353847349,0.38808483184286824,16.413631485807617,19.7689482666924,4.536485634532091,mondriaan2 (86).JPG,mondriaan2
1.2568807339449541,0.28234629158304303,0.19665977796876535,0.38710334657810336,16.44323813031541,19.751661588428313,4.511296290095761,mondriaan2 (87).JPG,mondriaan2
1.260919540229885,0.28281892536595316,0.19604891237390368,0.38672728681411317,16.465071930762058,19.781431071155396,4.475738429782374,mondriaan2 (88).JPG,mondriaan2
1.2652825836216839,0.2821892684378831,0.19618405988046378,0.3876603018720987,16.444134627415234,19.8214907175804,4.507522350459837,mondriaan2 (89).JPG,mondriaan2
1.2619589977220957,0.28261543141311357,0.19698807639055652,0.38732920981737223,16.550167347845036,19.815711783426394,4.469564895602905,mondriaan2 (9).JPG,mondriaan2
1.2597701149425287,0.2827292868864303,0.1961297620370033,0.3870326498129604,16.438040104035572,19.782175518080376,4.502265290712308,mondriaan2 (90).JPG,mondriaan2
1.2146829810901,0.27773457837492777,0.20030311530267647,0.3893649402936428,16.570915180481364,19.891148895598285,4.340801949255787,mondriaan2 (91).JPG,mondriaan2
1.2135706340378198,0.27684448049026217,0.20088731214983582,0.38944997787256164,16.577335648429,19.85585368812888,4.32714218568549,mondriaan2 (92).JPG,mondriaan2
1.2155555555555555,0.27700727076595677,0.2009526971094808,0.3889045930493066,16.564594759293115,19.88878732480195,4.321856591509243,mondriaan2 (93).JPG,mondriaan2
1.2130965593784684,0.27714166642787147,0.20079803732787999,0.3895875620489016,16.584500499089657,19.886006500858556,4.338069015518997,mondriaan2 (94).JPG,mondriaan2
1.2146829810901,0.2769460687157666,0.20114545962330943,0.389039916973892,16.586092809674568,19.895427153491667,4.318188300390748,mondriaan2 (95).JPG,mondriaan2
1.2157953281423803,0.2774611253525099,0.20048725137087198,0.3885879673660804,16.578041882461655,19.943985744046195,4.263861340291694,mondriaan2 (96).JPG,mondriaan2
1.2144444444444444,0.2776683889322381,0.2004720038987636,0.3890102772432419,16.587272542441802,19.960455423401445,4.27345735488462,mondriaan2 (97).JPG,mondriaan2
1.2146829810901,0.2774203381464324,0.20048487642716797,0.38860249035316,16.60860459525643,19.926088001727603,4.263997033741194,mondriaan2 (98).JPG,mondriaan2
1.2144444444444444,0.2776683889322381,0.2004720038987636,0.3890102772432419,16.587272542441802,19.960455423401445,4.27345735488462,mondriaan2 (99).JPG,mondriaan2
1.0143014301430142,0.37490131981703784,0.3474989589199898,0.19934204501474426,0.8494233371276391,6.8033809888581045,8.447818751506388,mondriaan3 (1).JPG,mondriaan3
1.011037527593819,0.38715810543467183,0.34791526238724957,0.20019910836278404,0.8061251048324127,6.840254682514435,8.35731224153388,mondriaan3 (10).JPG,mondriaan3
0.9477533960292581,0.39366210408746166,0.342099302728033,0.1983805127075676,0.7450469412983195,6.520744839567788,8.440562719542303,mondriaan3 (100).JPG,mondriaan3
0.9467640918580376,0.39370288144489785,0.34210425533007416,0.19866547707802823,0.7500235928857667,6.510485599132703,8.433823681733122,mondriaan3 (101).JPG,mondriaan3
0.9457768508863399,0.3943880069726821,0.3419133903205443,0.19900105412403554,0.7379747141052156,6.386660121198465,8.443768948038256,mondriaan3 (103).JPG,mondriaan3
0.9488517745302714,0.3938458904286386,0.34228965938460465,0.1991239044669095,0.7544595795696479,6.565176350620448,8.442483079205624,mondriaan3 (105).JPG,mondriaan3
0.9607032057911065,0.39132338687139656,0.34475222723488086,0.19879741103555923,0.7572831312761384,6.7051226535966775,8.48239480910966,mondriaan3 (106).JPG,mondriaan3
0.9607032057911065,0.39152192955079956,0.3446435953302872,0.19867979903842461,0.7600660326846205,6.742858796695694,8.468257669954573,mondriaan3 (108).JPG,mondriaan3
1.011037527593819,0.3867051041928796,0.34757731756089766,0.2001387655822317,0.8085350453550806,6.815311798104823,8.354661306958944,mondriaan3 (11).JPG,mondriaan3
0.9566563467492261,0.3906295811803729,0.3436647967575484,0.19933811880778934,0.7813969850700742,6.774296614688572,8.43895384759252,mondriaan3 (110).JPG,mondriaan3
0.9597107438016529,0.390189764274182,0.3439465761720931,0.198792847682112,0.7810762483431042,6.79004794989725,8.438714871585015,mondriaan3 (111).JPG,mondriaan3
0.9637305699481865,0.3854619796962394,0.34390584587183337,0.19908708571961836,0.7950303638085687,6.763050866343528,8.45796423199064,mondriaan3 (112).JPG,mondriaan3
0.9596690796277145,0.3863022631697664,0.34397553644040435,0.19899312902124724,0.7974360803052456,6.7909103876190136,8.458550262097493,mondriaan3 (113).JPG,mondriaan3
1.009922822491731,0.386124218032686,0.34759614073174167,0.19992602664880305,0.8117359884065228,6.8117696903752,8.35411621401713,mondriaan3 (12).JPG,mondriaan3
1.0110253583241455,0.3761796143849804,0.3474296318873699,0.19953810904987024,0.8850344888117262,6.838487518019908,8.352941317921077,mondriaan3 (13).JPG,mondriaan3
1.011001100110011,0.38663610544960386,0.3478976823661781,0.19979985443417944,0.7836039316662895,6.814217874453386,8.422245924265985,mondriaan3 (131).jpg,mondriaan3
1.0132013201320131,0.38597242124287773,0.34764016064287323,0.19943343341401662,0.765179666718029,6.804795571848173,8.431310014823415,mondriaan3 (132).jpg,mondriaan3
0.9566563467492261,0.3880070909921681,0.3437098035869104,0.19953179034113622,0.7955353832897493,6.793556007538995,8.433387549080837,mondriaan3 (133).jpg,mondriaan3
0.9607843137254902,0.3788573258950922,0.34419124005293295,0.19785180012986794,0.886892152983077,6.783766138034161,8.36013075590347,mondriaan3 (134).jpg,mondriaan3
0.9454354669464848,0.393729237730811,0.3407312601155885,0.1981399777951246,0.7576983950443311,5.926025996531777,8.54489531859785,mondriaan3 (135).jpg,mondriaan3
0.9487983281086729,0.3930891841899855,0.3423946773975818,0.19838833652065188,0.7423851150115771,6.517130901909877,8.43771146064933,mondriaan3 (136).jpg,mondriaan3
0.9537987679671458,0.37962445543551393,0.343542704942965,0.19757860078750042,0.8724136482893222,6.806572610145816,8.379215910773768,mondriaan3 (137).jpg,mondriaan3
0.9661190965092402,0.39145906563804694,0.3449644500471588,0.19843134939243923,0.8065167249660132,6.811858588988516,8.330187423488928,mondriaan3 (139).jpg,mondriaan3
1.011037527593819,0.3868399186356723,0.3478647372319759,0.20004645747779484,0.8109449858777487,6.823505595881893,8.353215342645344,mondriaan3 (14).JPG,mondriaan3
0.9892125134843581,0.38890037768500413,0.3462152302755744,0.19874542259846242,0.8079439191867859,6.842583867708006,8.334950868116213,mondriaan3 (140).jpg,mondriaan3
0.949438202247191,0.39304638684980314,0.3405535390247489,0.19908571621714083,0.7938301974602753,6.337876470979323,8.517518781995879,mondriaan3 (141).jpg,mondriaan3
1.043217286914766,0.3832795445837588,0.3496533544133224,0.2005864280853235,0.8180947868215179,6.797011094426263,8.382363302052696,mondriaan3 (142).jpg,mondriaan3
1.009922822491731,0.38715068026646204,0.34763592615101974,0.1999322132235279,0.807402878148125,6.8228431943688825,8.361699156969326,mondriaan3 (143).jpg,mondriaan3
0.9580348004094166,0.39325609452700594,0.3439577392274696,0.198142761685637,0.8071324217690646,6.811362184954815,8.395883088820653,mondriaan3 (144).jpg,mondriaan3
1.004390779363337,0.38754330811939725,0.3474022163631014,0.20007468196748726,0.8077354495450264,6.840138441513259,8.370672952919088,mondriaan3 (145).jpg,mondriaan3
0.9453658536585365,0.3881713153408604,0.34314831542263524,0.19781244600921657,0.8164313222079589,6.832389438445468,8.415213068539353,mondriaan3 (146).jpg,mondriaan3
0.9778481012658228,0.390238286978946,0.3450960301604929,0.19957861595673757,0.7992753722138016,6.833098921706517,8.366105444266928,mondriaan3 (147).jpg,mondriaan3
0.9477533960292581,0.393549860031487,0.3429774017089678,0.19831066134243036,0.753457089236278,6.498279375897899,8.466599615898176,mondriaan3 (148).jpg,mondriaan3
0.9497907949790795,0.39346739774030753,0.34329511254804806,0.1986460737421235,0.7481153115956721,6.5382329087792375,8.494461135789726,mondriaan3 (149).jpg,mondriaan3
1.011037527593819,0.3867747422105743,0.3478429655798167,0.20008794929950047,0.8139574115310834,6.824710566143227,8.353456336697612,mondriaan3 (15).JPG,mondriaan3
1.0132013201320131,0.38346469621749324,0.3472795823803626,0.1999044135682017,0.8060306573545519,6.840868668842997,8.411840098233494,mondriaan3 (150).jpg,mondriaan3
0.948170731707317,0.3930741225013829,0.34415277679447115,0.19773358180926232,0.797540933608693,6.790643871068935,8.364594498035013,mondriaan3 (151).jpg,mondriaan3
0.9646569646569647,0.3914250193880941,0.34453651538386915,0.19848977120692876,0.8113260807226325,6.804587246397591,8.320376908738977,mondriaan3 (152).jpg,mondriaan3
0.9619732785200411,0.37891993701948984,0.34441353996003204,0.1982083112504875,0.8863239079066417,6.8660456250384305,8.339043051273269,mondriaan3 (153).jpg,mondriaan3
0.9607635206786851,0.39423247878546963,0.34843829993039604,0.20257994777653507,0.7661893491955363,6.631060983803043,8.439670489420125,mondriaan3 (154).jpg,mondriaan3
1.050122249388753,0.38217148847487314,0.3495971159692852,0.20066800785413325,0.8029465091324135,6.47423654616302,8.50195399779695,mondriaan3 (155).jpg,mondriaan3
0.9597523219814241,0.39190782273334673,0.34371769719419815,0.198665847812514,0.7787653827801636,6.8236847653605865,8.419277161911737,mondriaan3 (156).jpg,mondriaan3
0.9467640918580376,0.3939046454372043,0.3423259940699988,0.19884145116580465,0.7450748412371418,6.5150890890384,8.445792755487936,mondriaan3 (157).jpg,mondriaan3
0.9152542372881356,0.39540367169031954,0.3405640330933352,0.19686804061604518,0.7831624950855494,6.801382345338712,8.479789389999935,mondriaan3 (158).jpg,mondriaan3
0.9380710659898477,0.3840318767996463,0.3425708172121609,0.1974460290543622,0.8789856505592546,6.849605555189312,8.364757070340827,mondriaan3 (159).jpg,mondriaan3
1.0121546961325967,0.3865432347466316,0.348125418892976,0.2003539523736238,0.8126854688894786,6.808125648387174,8.36256604501918,mondriaan3 (16).JPG,mondriaan3
0.9627714581178903,0.39235909940310926,0.34435110358540055,0.19853926336724947,0.7517686223240181,6.761252370103868,8.482167155220004,mondriaan3 (160).jpg,mondriaan3
0.9305699481865285,0.3957308259610098,0.33769643538822036,0.19751008241900428,0.7592000646225925,6.1694958283808585,8.543452923595323,mondriaan3 (161).jpg,mondriaan3
0.9748995983935743,0.3917961517993322,0.3441252366408958,0.1990333983111038,0.8056944565078026,6.895656777470334,8.404782880233602,mondriaan3 (162).jpg,mondriaan3
1.012101210121012,0.3863793526326728,0.34788711346259704,0.19954541084921798,0.7819151480365428,6.810278853972354,8.420146362462333,mondriaan3 (163).jpg,mondriaan3
0.9468845760980592,0.39328745475013166,0.3433302025372022,0.19806382674814066,0.7969958117225489,6.825426733793702,8.324215207601267,mondriaan3 (164).jpg,mondriaan3
0.9496919917864476,0.3931992844770874,0.34384641313814146,0.1981645673829851,0.8064820467284533,6.844441977912203,8.334868749653145,mondriaan3 (165).jpg,mondriaan3
0.9637305699481865,0.39112133295637924,0.3441833561826006,0.19807446267749476,0.7738592679257897,6.774973536130147,8.482366705666054,mondriaan3 (166).jpg,mondriaan3
1.0361881785283473,0.3837278979593599,0.348007287638719,0.2010722823755285,0.7960837566053607,6.509518881185658,8.475925803701951,mondriaan3 (167).jpg,mondriaan3
1.0165929203539823,0.3861221847098194,0.34830596890803994,0.20034504816425644,0.8085211898273421,6.829277687366991,8.344969040993,mondriaan3 (169).jpg,mondriaan3
1.009933774834437,0.3860281887582225,0.34819173571895307,0.20000251470945948,0.8276336264611153,6.797669453190027,8.368255346867876,mondriaan3 (17).JPG,mondriaan3
0.957688338493292,0.3833885791409564,0.3442714950026623,0.1978350442448391,0.831264901604925,6.821710081491762,8.340005693747553,mondriaan3 (170).jpg,mondriaan3
0.9467084639498433,0.3938294988083629,0.34220406260829656,0.19870999537271203,0.7471379702482693,6.529210811010308,8.45080169126755,mondriaan3 (171).jpg,mondriaan3
1.0032822757111597,0.3875461685588422,0.3476164882780109,0.199965636930274,0.8082201260412962,6.824890411841486,8.350534160245687,mondriaan3 (172).jpg,mondriaan3
0.9356136820925554,0.3944415787501156,0.34308397185700773,0.19744927719491406,0.8161874472642305,6.834772073300015,8.345557214253262,mondriaan3 (173).jpg,mondriaan3
0.9607843137254902,0.3738707246318638,0.3436632079216987,0.19790943686422757,0.907066427679105,6.823338753784062,8.35902227927182,mondriaan3 (174).jpg,mondriaan3
0.9868421052631579,0.3846434004947677,0.34668964033476246,0.1992120008511611,0.8325547596802657,6.802865151043289,8.405377348697186,mondriaan3 (175).jpg,mondriaan3
0.9596690796277145,0.3825173477598347,0.34448779946255736,0.19825360104937073,0.8787843668651714,6.823338266233998,8.34956584530899,mondriaan3 (176).jpg,mondriaan3
0.9616977225672878,0.39213517783057095,0.3443232931806292,0.19829999163754572,0.7981823327917772,6.799314474701753,8.315671473812532,mondriaan3 (177).jpg,mondriaan3
0.9892357373519914,0.38883082328975177,0.3462351834828819,0.19877479966225217,0.81112642913449,6.854808954835779,8.325729633113168,mondriaan3 (178).jpg,mondriaan3
1.0475030450669915,0.3828954521957008,0.35025906001711243,0.2006978588099439,0.8054556270005382,6.633147324589979,8.44829051355409,mondriaan3 (18).JPG,mondriaan3
1.0132450331125828,0.3870895634539352,0.34781366272028635,0.20011602367228878,0.806052124062772,6.856973841781009,8.35593742034464,mondriaan3 (181).jpg,mondriaan3
0.9892588614393125,0.3787288637460462,0.34596539546832694,0.19817112783622823,0.8935787584363422,6.842723374280279,8.347532395437174,mondriaan3 (182).jpg,mondriaan3
0.9860365198711063,0.38879925931018694,0.34546139559760847,0.1994019732668038,0.7764509312496929,6.827877349770317,8.413423849071792,mondriaan3 (183).jpg,mondriaan3
0.9478623566214807,0.3935576040237684,0.3426474721550537,0.19906585179988465,0.7493137217788515,6.5464002083211446,8.43849765581355,mondriaan3 (184).jpg,mondriaan3
1.0021929824561404,0.38813138372014344,0.34709583374370917,0.20027833658775313,0.8074926100810013,6.850790817305846,8.344850090214596,mondriaan3 (185).jpg,mondriaan3
0.9586776859504132,0.39217769091679294,0.3444176425216379,0.19817443274905858,0.8110839982901111,6.816512004844685,8.346172342547735,mondriaan3 (186).jpg,mondriaan3
0.9597107438016529,0.39186056086487464,0.34420049079168025,0.19794495905280385,0.8121013441984184,6.816958606517272,8.324622583600958,mondriaan3 (187).jpg,mondriaan3
0.9566596194503171,0.39412452161527395,0.33638321859490344,0.19921836828695003,0.7474332169179915,5.3426465606858775,8.506068003691029,mondriaan3 (188).jpg,mondriaan3
0.9444444444444444,0.39412933867059297,0.340856982386122,0.19843954071242417,0.7637681867573183,5.913764580235797,8.518836512889242,mondriaan3 (189).jpg,mondriaan3
1.051219512195122,0.376983850842712,0.34861277038859395,0.20085326314519455,0.8281930847150698,6.405975892705563,8.482117593797748,mondriaan3 (19).JPG,mondriaan3
0.9616977225672878,0.39118625967422493,0.34435247075447556,0.19867449597761433,0.7741131740757331,6.767222263080362,8.467663753852737,mondriaan3 (191).jpg,mondriaan3
0.954070981210856,0.39168951765205573,0.3435105448146961,0.1985712448968865,0.7713462127060844,6.79775973833159,8.402922755741127,mondriaan3 (192).jpg,mondriaan3
1.0032858707557504,0.38748810794523697,0.34699561678044155,0.20018582328383766,0.805325310770673,6.842216025674751,8.361632317280236,mondriaan3 (193).jpg,mondriaan3
0.9858156028368794,0.3832481125747786,0.34657341194269525,0.19847456142536513,0.849272817959267,6.805116046112307,8.422962021177675,mondriaan3 (194).jpg,mondriaan3
1.0260663507109005,0.38484879985713555,0.34770424658286964,0.2007374758307877,0.8014732440922474,6.66393945032453,8.438727931438327,mondriaan3 (195).jpg,mondriaan3
0.9858299595141701,0.3894597437918102,0.3459940901178684,0.19931369871234839,0.8060795251436125,6.82938589563468,8.409019112304533,mondriaan3 (196).jpg,mondriaan3
1.009922822491731,0.3863374967305354,0.34758055490258594,0.19994619545502906,0.8102916183203902,6.811890054549044,8.355921676624796,mondriaan3 (197).jpg,mondriaan3
1.048721071863581,0.38194863726068995,0.34818010281263884,0.20117241868368108,0.7726901699154455,6.394145549250864,8.469035099259989,mondriaan3 (198).jpg,mondriaan3
1.0110253583241455,0.38588754390409324,0.3473781228471633,0.1998785419317286,0.8025547089822404,6.816124195792088,8.331299393184477,mondriaan3 (199).jpg,mondriaan3
1.0110132158590308,0.38651818183915454,0.34790602459130904,0.19998570175533004,0.7874809248222049,6.790043477009013,8.425709980516926,mondriaan3 (2).JPG,mondriaan3
1.048780487804878,0.3824205512003933,0.3488401803619191,0.20123152916498305,0.8165059557572321,6.506664775950085,8.47575155984118,mondriaan3 (20).JPG,mondriaan3
1.038323353293413,0.3838959257604009,0.3484859980241551,0.20170354938925578,0.8089012286844995,6.696365055356416,8.440420197666949,mondriaan3 (200).jpg,mondriaan3
0.9597523219814241,0.3814622983852056,0.3441281518913892,0.19809969341491152,0.8721994740171111,6.814807417024535,8.359022160080784,mondriaan3 (201).jpg,mondriaan3
0.96318407960199,0.3915022364081574,0.34501724469078676,0.19879693597374817,0.7983841124953743,6.823013034003536,8.405082027877144,mondriaan3 (202).jpg,mondriaan3
0.9652265542676501,0.3913581976742945,0.34414115816620283,0.19854470009702965,0.8066408676566001,6.86185412362358,8.319835634844308,mondriaan3 (203).jpg,mondriaan3
1.0043763676148796,0.3877924952174975,0.34696980667689603,0.20064586041095334,0.8073397119606412,6.851184431954158,8.343225449674156,mondriaan3 (204).jpg,mondriaan3
0.9486910994764398,0.39334429418204336,0.3428038546201967,0.1984124418524436,0.748587080891786,6.45423760156259,8.48329345954255,mondriaan3 (205).jpg,mondriaan3
0.9566563467492261,0.3928438718962456,0.34445931663796997,0.19788270405821987,0.8044414609084422,6.829402969954233,8.34710992214975,mondriaan3 (206).jpg,mondriaan3
0.929718875502008,0.393562112389107,0.34161213892565195,0.19751485646945433,0.811127880853869,6.8314293892633176,8.380281384718138,mondriaan3 (207).jpg,mondriaan3
0.9733759318423855,0.39007710204852303,0.3446937181505458,0.1995857395293041,0.7944109264709651,6.833588504927492,8.383260743423214,mondriaan3 (209).jpg,mondriaan3
1.0514075887392902,0.3821221703221724,0.3481255410854634,0.2015332130048596,0.7939549987674605,6.332546312854177,8.502955957726028,mondriaan3 (21).JPG,mondriaan3
0.9566563467492261,0.3926688899231245,0.34428415084453795,0.19824092440568608,0.8038848310572739,6.824949931144888,8.336311303037084,mondriaan3 (211).jpg,mondriaan3
0.9787664307381193,0.3864826385680751,0.3459799457938751,0.19893369097339467,0.8064954165239119,6.815988267638236,8.383959087148718,mondriaan3 (213).jpg,mondriaan3
0.9892357373519914,0.38944702139731274,0.34579834133971055,0.19895307772302698,0.815694505775103,6.843330198149109,8.330766230434868,mondriaan3 (214).jpg,mondriaan3
0.963076923076923,0.3801967693653075,0.34472765435348507,0.19807520763002562,0.8749078397640698,6.847000354987576,8.335545178995659,mondriaan3 (215).jpg,mondriaan3
0.9607843137254902,0.39226152527027186,0.3438165381883907,0.19883684430996093,0.7511037656059654,6.777336973570591,8.463329930310074,mondriaan3 (217).jpg,mondriaan3
1.0098901098901099,0.3866600597543393,0.34729219162202357,0.20051208103307003,0.7835798586614691,6.815219600856162,8.396010953138266,mondriaan3 (218).jpg,mondriaan3
1.0421179302045729,0.3834111361785474,0.3472175615719527,0.2011732173094122,0.782051175161121,6.2639130906028795,8.50876681034842,mondriaan3 (22).JPG,mondriaan3
1.008781558726674,0.38640140873877576,0.34714457463935844,0.20068873798804202,0.7773447251522619,6.8301941331256595,8.392408586147546,mondriaan3 (220).jpg,mondriaan3
0.9881974248927039,0.3891213014608694,0.3461476815291131,0.19828310760086373,0.8064102743332727,6.837361889716813,8.31632439082356,mondriaan3 (221).jpg,mondriaan3
0.9626556016597511,0.39136146475874006,0.3452894767859129,0.19812521509815373,0.8127727500357704,6.832947310058664,8.326477321505223,mondriaan3 (222).jpg,mondriaan3
1.0115606936416186,0.38642971239213186,0.34530605276833853,0.20026057578993706,0.7801816680429398,6.264574731626754,8.53720891824938,mondriaan3 (223).jpg,mondriaan3
0.9203980099502488,0.3962101804760889,0.34182909180978216,0.19708359120870977,0.8038725292456635,6.84910582224015,8.328411994083636,mondriaan3 (224).jpg,mondriaan3
0.9617768595041323,0.39055395624509254,0.34418415164906857,0.19810676211159484,0.755874337555814,6.73695750592538,8.481060975934524,mondriaan3 (225).jpg,mondriaan3
1.011037527593819,0.3864173879336605,0.3480160114416586,0.1995115223218576,0.8049201345710787,6.796393765001879,8.353576833723745,mondriaan3 (226).jpg,mondriaan3
0.9463722397476341,0.39402297607622094,0.34404116891750586,0.1993507261795232,0.7635237761420727,6.4341628694940995,8.486038088561749,mondriaan3 (227).jpg,mondriaan3
0.9586776859504132,0.39183158714238553,0.34463346076999984,0.19799219193707962,0.817540609860359,6.8157327586206895,8.34439120832146,mondriaan3 (229).jpg,mondriaan3
1.0419664268585132,0.3833008142421667,0.349340577126836,0.20071366832941284,0.8089730747047932,6.675580134281528,8.434679184155552,mondriaan3 (23).JPG,mondriaan3
0.9313929313929314,0.3951046278462912,0.34246566128347217,0.19829829314614375,0.7788136694386694,6.489804536679538,8.458475645975646,mondriaan3 (230).jpg,mondriaan3
1.040767386091127,0.38390823831605636,0.34950085839274037,0.2007355900438144,0.8215086916641803,6.794472256296345,8.386102178165302,mondriaan3 (24).JPG,mondriaan3
1.0408163265306123,0.3819793425388885,0.34929378770333463,0.20108708215701876,0.8372899332743479,6.836229301409145,8.39962282490851,mondriaan3 (25).JPG,mondriaan3
0.9597523219814241,0.3829436217235485,0.34413495407453154,0.19817314060595068,0.8636550262436611,6.813808715336729,8.374335585960473,mondriaan3 (27).JPG,mondriaan3
0.9587628865979382,0.37920728547709687,0.34400251016244415,0.19816249744339853,0.8689723977386099,6.812215940583084,8.381221594058308,mondriaan3 (28).JPG,mondriaan3
0.9607438016528925,0.37978025676737565,0.3447891935115155,0.19705970809748133,0.8799875588731894,6.776859504132231,8.386208122278504,mondriaan3 (29).JPG,mondriaan3
1.013215859030837,0.38602347797640024,0.3477458747318361,0.2001196296489596,0.7879237693928367,6.800541084083508,8.42463129668646,mondriaan3 (3).JPG,mondriaan3
0.9587203302373581,0.3771066832635546,0.3437629372773652,0.19732054416087624,0.8934671256752659,6.808146180686313,8.399457454501828,mondriaan3 (30).JPG,mondriaan3
0.9567010309278351,0.3760410851571268,0.3448388675438761,0.19741508875500083,0.8941743690010665,6.83289637397796,8.395285282616424,mondriaan3 (31).JPG,mondriaan3
0.9587203302373581,0.38112892552261657,0.34424168392071214,0.19784034031832004,0.8725829009299034,6.827586283507794,8.391681413373234,mondriaan3 (32).JPG,mondriaan3
0.9597938144329897,0.37350999167391397,0.34373274973825785,0.19828210334018004,0.9055776407144518,6.826491855559371,8.366239604903274,mondriaan3 (33).JPG,mondriaan3
0.9587628865979382,0.37857018462670816,0.344095337401749,0.19806292664701283,0.8841591841259284,6.806451612903226,8.381775856335217,mondriaan3 (34).JPG,mondriaan3
0.9597938144329897,0.3808918372161219,0.34374315172041625,0.1984472059361334,0.8563012833999579,6.792275238907283,8.353948198921458,mondriaan3 (35).JPG,mondriaan3
0.9838220424671386,0.38393931062307174,0.3463008221217765,0.19895879305079753,0.8336303656771247,6.806942139485003,8.416008778994428,mondriaan3 (36).JPG,mondriaan3
0.9828282828282828,0.37962295414169767,0.34467475910102996,0.1995009631747573,0.8282205404507562,6.886231274720483,8.379789674753702,mondriaan3 (37).JPG,mondriaan3
0.9858299595141701,0.38371424865918957,0.3466051785848271,0.19924996979394508,0.832682123884977,6.80049713606398,8.395302147328518,mondriaan3 (38).JPG,mondriaan3
0.9817813765182186,0.39016771000862904,0.34495679874944796,0.19913514890070305,0.8252639926541174,6.889686547852582,8.408635585792396,mondriaan3 (39).JPG,mondriaan3
1.00990099009901,0.3865333142057004,0.3472063218896831,0.2009562578056699,0.7845773684122225,6.806661058262689,8.39271290963519,mondriaan3 (4).JPG,mondriaan3
0.9807497467071935,0.37285280973142343,0.34578121979048726,0.19854814968944345,0.8777328409823574,6.79536453230844,8.396970534301289,mondriaan3 (40).JPG,mondriaan3
0.9817813765182186,0.38548831006757434,0.3461251470575153,0.19883850907196468,0.8231770942025962,6.806627989482032,8.402792270128137,mondriaan3 (41).JPG,mondriaan3
0.9807497467071935,0.3889393751920978,0.34556981492269045,0.19829834716746075,0.8099089820559839,6.828334463730982,8.412147169400553,mondriaan3 (42).JPG,mondriaan3
0.9817813765182186,0.38091121909803505,0.3459709965023369,0.19875036158176212,0.8520806377561668,6.806732334404608,8.384531908677324,mondriaan3 (43).JPG,mondriaan3
0.9817813765182186,0.3838359552018098,0.346426417004666,0.19887854515086556,0.8247422680412372,6.809549647314162,8.414270211611504,mondriaan3 (44).JPG,mondriaan3
0.9336099585062241,0.38888006153356,0.3401292692285212,0.19836971502565476,0.8219225449515906,6.736745043798987,8.497810050714614,mondriaan3 (45).JPG,mondriaan3
0.9305699481865285,0.396297514652746,0.3378002377416982,0.1975862724704817,0.7510068430709579,6.172265368060283,8.535375099530333,mondriaan3 (46).JPG,mondriaan3
0.9325726141078838,0.39777808760866856,0.3345900281020813,0.19757789813152113,0.7502573167973636,5.583082170599883,8.578803557664347,mondriaan3 (47).JPG,mondriaan3
0.9305699481865285,0.3971108752061852,0.3355005950238738,0.1975193656660814,0.749622073231245,5.704559354697255,8.544837693435037,mondriaan3 (48).JPG,mondriaan3
1.012087912087912,0.3861499553218733,0.34784938810822774,0.19919085695850272,0.7774635787665104,6.807101693095179,8.424669792747968,mondriaan3 (5).JPG,mondriaan3
0.9262720664589823,0.39622287566761283,0.3368685050257739,0.19757110506958414,0.7577450884521,6.094207656380239,8.573381016908112,mondriaan3 (50).JPG,mondriaan3
0.9463722397476341,0.3937455653328639,0.3440842652830619,0.199337506974494,0.762472251431242,6.429839934571796,8.490361023484052,mondriaan3 (54).JPG,mondriaan3
0.9546413502109705,0.394471640378998,0.3397232341508218,0.199166177503315,0.7542485488495698,5.975243023987691,8.474019162179173,mondriaan3 (56).JPG,mondriaan3
0.9545454545454546,0.3938020649550587,0.3365803111890703,0.1994465902029547,0.741947794408584,5.380116548315575,8.490256813674877,mondriaan3 (58).JPG,mondriaan3
1.0154355016538037,0.3847684208250126,0.3480268199406962,0.1999714257304041,0.7861403704089439,6.802083445562143,8.42416385047172,mondriaan3 (6).JPG,mondriaan3
0.9576719576719577,0.39406274146582776,0.33660141355861606,0.1994345380859555,0.7422608085591511,5.385366424040457,8.504545587418516,mondriaan3 (60).JPG,mondriaan3
0.9586776859504132,0.3886858046531344,0.34461480239700476,0.198683167307874,0.8352406312339697,6.842783734682245,8.339159126531776,mondriaan3 (62).JPG,mondriaan3
0.9577319587628866,0.391616537331579,0.3441892807939604,0.19765986264617855,0.8215240864248222,6.8358616403848504,8.346964366961481,mondriaan3 (63).JPG,mondriaan3
0.9597107438016529,0.3919132436113881,0.34427456386818633,0.19786043014709476,0.8089877145068456,6.799166436851142,8.34119154160254,mondriaan3 (64).JPG,mondriaan3
0.9576446280991735,0.39222322771392293,0.3449695467737075,0.1978466104898699,0.8155250653044122,6.8263170094591095,8.347152014407088,mondriaan3 (65).JPG,mondriaan3
0.9587203302373581,0.39176860948316344,0.34452517640905567,0.1985912415159607,0.8141515061636234,6.813589409476329,8.334471967927163,mondriaan3 (66).JPG,mondriaan3
0.9587203302373581,0.3846253426093693,0.34407485785819936,0.1986604162323043,0.8514765035808669,6.82925257803535,8.332916759701444,mondriaan3 (67).JPG,mondriaan3
0.957688338493292,0.3838383608539376,0.3439265116282949,0.19804903088285333,0.8655163517312551,6.839503042596348,8.332110067257394,mondriaan3 (68).JPG,mondriaan3
0.9597107438016529,0.3796458136030189,0.344406581790449,0.19851279031446273,0.8946125310250957,6.828412315739843,8.330516239802863,mondriaan3 (69).JPG,mondriaan3
1.0098901098901099,0.38704284720393134,0.34767924585122584,0.19960756644099817,0.7802317377943059,6.8240682060050935,8.410360042568964,mondriaan3 (7).JPG,mondriaan3
0.9597107438016529,0.39190625665709,0.3444156934637745,0.198115860806986,0.8129909526817247,6.817737013940165,8.331961853588236,mondriaan3 (70).JPG,mondriaan3
0.9881337648327939,0.3894354316201541,0.34618615390308677,0.1992610073689238,0.8122412063142126,6.8247339636240305,8.339339466655362,mondriaan3 (71).JPG,mondriaan3
0.9978189749182116,0.3877371390073043,0.34647430811989716,0.1986198385003394,0.8049531913879304,6.8370964954621565,8.321981276555173,mondriaan3 (72).JPG,mondriaan3
0.9903121636167922,0.3890309867645886,0.3459811561664774,0.19855012691112828,0.8100107642626481,6.8367108157439045,8.362779051808863,mondriaan3 (73).JPG,mondriaan3
0.9892125134843581,0.3891759994957831,0.3465813670200545,0.19818307205156535,0.8120612804522981,6.824467478139752,8.351537952071562,mondriaan3 (74).JPG,mondriaan3
0.9892241379310345,0.3890144545712142,0.3465502452304565,0.19876218946576985,0.816406543460296,6.831638306663662,8.34131545338442,mondriaan3 (75).JPG,mondriaan3
0.990301724137931,0.3890420408597293,0.345901047309914,0.1991724066475589,0.8149318974897752,6.834054069265694,8.316409327980189,mondriaan3 (76).JPG,mondriaan3
0.986021505376344,0.3897202964459909,0.34562177265018224,0.19977792413348286,0.8136630668026876,6.845839049729717,8.30360807213799,mondriaan3 (77).JPG,mondriaan3
0.9881974248927039,0.3759268724918817,0.3459135755720514,0.19849690581491158,0.9021729506554268,6.85460383143905,8.324712362472216,mondriaan3 (78).JPG,mondriaan3
0.9860813704496788,0.37654285802674187,0.3455383544222037,0.19902643113372345,0.9018686047890409,6.858293401409417,8.31479143561951,mondriaan3 (79).JPG,mondriaan3
1.00990099009901,0.38646584412601914,0.34800155328013227,0.20009579866445298,0.7824202899592791,6.803065927507783,8.425907950272151,mondriaan3 (8).JPG,mondriaan3
0.9630390143737166,0.3888724553306287,0.34364905254235295,0.19801844680891897,0.8142406185557983,6.823356085515514,8.379924957202839,mondriaan3 (80).JPG,mondriaan3
0.9641025641025641,0.3906688129884276,0.34497609113389743,0.19855604051683393,0.8208401527550464,6.829350791052918,8.330932896890344,mondriaan3 (81).JPG,mondriaan3
0.9619732785200411,0.3764613170618618,0.3444266206829994,0.19820462112539894,0.90125701636493,6.868461274936095,8.339921469417872,mondriaan3 (82).JPG,mondriaan3
0.96086508753862,0.39215138070612177,0.34428631369261153,0.1983420016864997,0.8032514186874892,6.830562187687304,8.320611782418982,mondriaan3 (83).JPG,mondriaan3
0.9607032057911065,0.36726731702628757,0.3438616966084426,0.1987240996979985,0.9786907673349712,6.8474958896546205,8.316088620938773,mondriaan3 (84).JPG,mondriaan3
0.9626556016597511,0.3912636743194645,0.3449106383360817,0.19849072445891422,0.8093074831878667,6.830599871226213,8.330501502360853,mondriaan3 (85).JPG,mondriaan3
0.9636929460580913,0.39150326121195567,0.34507764944485386,0.19794550320668633,0.8048631241374073,6.840331592887547,8.339958640219038,mondriaan3 (86).JPG,mondriaan3
0.9656964656964657,0.3905060574153959,0.34491603744578503,0.19795300024065288,0.8042985438033877,6.8194177451443325,8.332568720082175,mondriaan3 (87).JPG,mondriaan3
0.9636174636174636,0.3913252859033123,0.3451811669969763,0.1986454581970019,0.8095100328110036,6.832112171917998,8.325427742903472,mondriaan3 (88).JPG,mondriaan3
1.009922822491731,0.3864477081426597,0.34753183070198745,0.19996452431117748,0.814624728578788,6.786613578041722,8.358930780970905,mondriaan3 (9).JPG,mondriaan3
0.9354838709677419,0.38852066003145685,0.34228199464004155,0.19786993310746445,0.829225211502201,6.626278012683766,8.443651693001474,mondriaan3 (90).JPG,mondriaan3
0.9333333333333333,0.38093409324686395,0.3419680418270025,0.19845892615451288,0.8393787202380952,6.533551897321428,8.451450892857142,mondriaan3 (92).JPG,mondriaan3
0.9313929313929314,0.39530893606951634,0.34233361819842345,0.1977823466021253,0.7792777324027323,6.5001299376299375,8.464972527472527,mondriaan3 (93).JPG,mondriaan3
0.9334027055150884,0.39501744312511083,0.3428849641189622,0.19826686348001987,0.7844392860001601,6.500799868216056,8.45168946784112,mondriaan3 (95).JPG,mondriaan3
0.9376299376299376,0.3949803492160793,0.34283672769903445,0.19867128810577594,0.775016018918458,6.507483946508337,8.449576132502962,mondriaan3 (96).JPG,mondriaan3
0.946652719665272,0.39398257159664674,0.3423181405549178,0.19888405777821386,0.7548718185811045,6.470907787974757,8.469913775168173,mondriaan3 (98).JPG,mondriaan3
1.001610305958132,,0.042446160901921,,0.0,10.46362313662747,0.0,mondriaan4 (1).JPG,mondriaan4
1.0238095238095237,,0.039492778606348936,,0.0,10.456076118154902,0.0,mondriaan4 (10).JPG,mondriaan4
0.9919093851132686,,0.04296662858249036,,0.0,10.256207204210815,0.0,mondriaan4 (100).JPG,mondriaan4
0.9902912621359223,,0.04345018122214289,,0.0,10.223523066184402,0.0,mondriaan4 (101).JPG,mondriaan4
0.9902755267423015,,0.04273972712840084,,0.0,10.289744739208514,0.0,mondriaan4 (102).JPG,mondriaan4
0.9902755267423015,,0.04242871264883472,,0.0,10.29001000034484,0.0,mondriaan4 (103).JPG,mondriaan4
0.9902912621359223,,0.0429541611696813,,0.0,10.26133214882501,0.0,mondriaan4 (104).JPG,mondriaan4
0.9902912621359223,,0.04297904937636707,,0.0,10.237536222687565,0.0,mondriaan4 (105).JPG,mondriaan4
0.9902912621359223,,0.0432541314332321,,0.0,10.23462783171521,0.0,mondriaan4 (106).JPG,mondriaan4
0.9917355371900827,,0.04139750200709063,,0.0,10.336914600550964,0.0,mondriaan4 (107).JPG,mondriaan4
0.9884105960264901,,0.0410748554927646,,0.0,10.298179639921463,0.0,mondriaan4 (108).JPG,mondriaan4
0.9884297520661157,,0.04113552061677442,,0.0,10.270046159374223,0.0,mondriaan4 (109).JPG,mondriaan4
1.0255102040816326,,0.04005026659276697,,0.0,10.467785787615211,0.0,mondriaan4 (11).JPG,mondriaan4
0.9900826446280991,,0.041370012096027205,,0.0,10.246278232315568,0.0,mondriaan4 (110).JPG,mondriaan4
0.9916943521594684,,0.04167664114192498,,0.0,10.237789167320544,0.0,mondriaan4 (111).JPG,mondriaan4
0.9916805324459235,,0.04234402024166879,,0.0,10.218148723045484,0.0,mondriaan4 (112).JPG,mondriaan4
0.9900497512437811,,0.041508143411376854,,0.0,10.211366395270993,0.0,mondriaan4 (113).JPG,mondriaan4
0.9917355371900827,,0.04138655511122733,,0.0,10.212947658402204,0.0,mondriaan4 (114).JPG,mondriaan4
1.042319749216301,,0.04071746804384821,,0.0,10.5593136446131,0.0,mondriaan4 (115).JPG,mondriaan4
1.0390625,,0.04037715466207418,,0.0,10.539238721804512,0.0,mondriaan4 (116).JPG,mondriaan4
1.042319749216301,,0.04072736591309991,,0.0,10.494025031230112,0.0,mondriaan4 (117).JPG,mondriaan4
1.0391236306729263,,0.04057747365535305,,0.0,10.503280728547995,0.0,mondriaan4 (118).JPG,mondriaan4
1.0359937402190924,,0.04057566174176906,,0.0,10.52555683209698,0.0,mondriaan4 (119).JPG,mondriaan4
1.0255102040816326,,0.03990031517518056,,0.0,10.462145057027787,0.0,mondriaan4 (12).JPG,mondriaan4
1.0359937402190924,,0.04018562512386993,,0.0,10.558888747050952,0.0,mondriaan4 (120).JPG,mondriaan4
1.0328638497652582,,0.040092038487155514,,0.0,10.610091525584483,0.0,mondriaan4 (121).JPG,mondriaan4
1.036050156739812,,0.04016622830379572,,0.0,10.59499475953125,0.0,mondriaan4 (122).JPG,mondriaan4
1.0344827586206897,,0.04093107291951937,,0.0,10.55215161014534,0.0,mondriaan4 (123).JPG,mondriaan4
0.9619834710743802,,0.04242280019934245,,0.0,10.518303939109936,0.0,mondriaan4 (124).JPG,mondriaan4
0.9636963696369637,,0.04300162376959075,,0.0,10.504826167548261,0.0,mondriaan4 (125).JPG,mondriaan4
0.9603305785123967,,0.04276320108358178,,0.0,10.472397263196825,0.0,mondriaan4 (126).JPG,mondriaan4
0.9586092715231788,,0.04212717830745741,,0.0,10.561426986469021,0.0,mondriaan4 (127).JPG,mondriaan4
0.956882255389718,,0.04196645686049688,,0.0,10.63630432470806,0.0,mondriaan4 (128).JPG,mondriaan4
0.9584717607973422,,0.04222586857134025,,0.0,10.558104987994957,0.0,mondriaan4 (129).JPG,mondriaan4
1.0272108843537415,,0.04069051258060439,,0.0,10.33247736180565,0.0,mondriaan4 (13).JPG,mondriaan4
0.9584026622296173,,0.042002316380281436,,0.0,10.561390737659456,0.0,mondriaan4 (130).JPG,mondriaan4
0.99836867862969,,0.0410598923426153,,0.0,10.206953907174615,0.0,mondriaan4 (131).jpg,mondriaan4
1.006339144215531,,0.04130962045392742,,0.0,10.428141807155248,0.0,mondriaan4 (132).jpg,mondriaan4
0.996742671009772,,0.04154805824866324,,0.0,10.17436290477103,0.0,mondriaan4 (133).jpg,mondriaan4
0.9951377633711507,,0.04156854869537093,,0.0,10.2349817072205,0.0,mondriaan4 (134).jpg,mondriaan4
0.9950576606260296,,0.04113442986631573,,0.0,10.42500845543712,0.0,mondriaan4 (135).jpg,mondriaan4
0.9801324503311258,,0.04268029422307232,,0.0,10.374250492214069,0.0,mondriaan4 (136).jpg,mondriaan4
0.9983766233766234,,0.0420237099452189,,0.0,10.249445676274945,0.0,mondriaan4 (137).jpg,mondriaan4
1.030716723549488,,0.03970481160506883,,0.0,10.553929435164886,0.0,mondriaan4 (138).jpg,mondriaan4
1.0,,0.04157816018615567,,0.0,10.456622656920421,0.0,mondriaan4 (139).jpg,mondriaan4
1.028960817717206,,0.0403250589501301,,0.0,10.348669291605086,0.0,mondriaan4 (14).JPG,mondriaan4
1.0272108843537415,,0.040220804809230556,,0.0,10.349934675857098,0.0,mondriaan4 (140).jpg,mondriaan4
0.979933110367893,,0.03922249978973201,,0.0,10.927209012978414,0.0,mondriaan4 (141).jpg,mondriaan4
0.9625,,0.041956012227160173,,0.0,10.236911525974026,0.0,mondriaan4 (142).jpg,mondriaan4
0.9917218543046358,,0.04143772182264439,,0.0,10.2425123550288,0.0,mondriaan4 (143).jpg,mondriaan4
1.0523731587561376,,0.03987448219572464,,0.0,10.86508871823719,0.0,mondriaan4 (144).jpg,mondriaan4
0.9758842443729904,,0.041312526893987345,,0.0,10.392420686842147,0.0,mondriaan4 (145).jpg,mondriaan4
0.9967105263157895,,0.039341292132184076,,0.0,10.924472381448671,0.0,mondriaan4 (146).jpg,mondriaan4
1.0015128593040847,,0.040735438263407385,,0.0,10.591157771571957,0.0,mondriaan4 (147).jpg,mondriaan4
1.0128205128205128,,0.041714361455165744,,0.0,10.554101752677703,0.0,mondriaan4 (148).jpg,mondriaan4
1.0243506493506493,,0.03978738189249849,,0.0,10.937596476423735,0.0,mondriaan4 (149).jpg,mondriaan4
1.028960817717206,,0.04044484430257466,,0.0,10.342182158692195,0.0,mondriaan4 (15).JPG,mondriaan4
0.9780564263322884,,0.04160906840515871,,0.0,10.49428301583474,0.0,mondriaan4 (150).jpg,mondriaan4
0.9771986970684039,,0.040458852565495446,,0.0,10.47828447339848,0.0,mondriaan4 (151).jpg,mondriaan4
0.9903069466882067,,0.043062843712860045,,0.0,10.268891307613448,0.0,mondriaan4 (152).jpg,mondriaan4
0.9983844911147012,,0.04026669568130659,,0.0,10.491919841481458,0.0,mondriaan4 (153).jpg,mondriaan4
0.9951219512195122,,0.04092904509208525,,0.0,10.447154471544716,0.0,mondriaan4 (154).jpg,mondriaan4
0.9428571428571428,,0.04180747848314643,,0.0,10.472592965667758,0.0,mondriaan4 (155).jpg,mondriaan4
0.9904458598726115,,0.04162437981493468,,0.0,10.503666004464742,0.0,mondriaan4 (156).jpg,mondriaan4
1.0311475409836066,,0.04151356801828425,,0.0,10.274440303369909,0.0,mondriaan4 (157).jpg,mondriaan4
0.9967373572593801,,0.04195996447530627,,0.0,10.249557460692097,0.0,mondriaan4 (158).jpg,mondriaan4
1.0634390651085142,,0.04010029361274651,,0.0,10.323327995638989,0.0,mondriaan4 (159).jpg,mondriaan4
1.0272108843537415,,0.0400611596385014,,0.0,10.329380096409423,0.0,mondriaan4 (16).JPG,mondriaan4
0.9983818770226537,,0.041328511416757995,,0.0,10.368575369912879,0.0,mondriaan4 (160).jpg,mondriaan4
0.9653465346534653,,0.04259532082725744,,0.0,10.352599362500353,0.0,mondriaan4 (161).jpg,mondriaan4
0.9983844911147012,,0.04147787597522346,,0.0,10.490089977048273,0.0,mondriaan4 (162).jpg,mondriaan4
0.9654036243822076,,0.042901836376455955,,0.0,10.347425654058734,0.0,mondriaan4 (163).jpg,mondriaan4
1.0272572402044293,,0.04035048555072416,,0.0,10.337297046849795,0.0,mondriaan4 (164).jpg,mondriaan4
1.0,,0.04062512921691872,,0.0,10.470794261420133,0.0,mondriaan4 (165).jpg,mondriaan4
0.9777424483306836,,0.04068093389129138,,0.0,10.473716183902699,0.0,mondriaan4 (166).jpg,mondriaan4
0.9853181076672104,,0.04055343212618433,,0.0,10.375365966963042,0.0,mondriaan4 (167).jpg,mondriaan4
0.9870340356564019,,0.0412365042103404,,0.0,10.837172291372257,0.0,mondriaan4 (168).jpg,mondriaan4
1.0807248764415156,,0.04121062637367332,,0.0,10.316128902639933,0.0,mondriaan4 (169).jpg,mondriaan4
1.028960817717206,,0.04055310822787092,,0.0,10.33907961686429,0.0,mondriaan4 (17).JPG,mondriaan4
0.9801324503311258,,0.04163356297477358,,0.0,10.599662162162163,0.0,mondriaan4 (170).jpg,mondriaan4
1.0065897858319606,,0.039331516261165676,,0.0,10.945677407873768,0.0,mondriaan4 (171).jpg,mondriaan4
0.9621087314662273,,0.04223797030690822,,0.0,10.35831960461285,0.0,mondriaan4 (172).jpg,mondriaan4
0.9589490968801314,,0.04207778751384556,,0.0,10.369008255167914,0.0,mondriaan4 (173).jpg,mondriaan4
1.03125,,0.03997850569796955,,0.0,10.612452651515152,0.0,mondriaan4 (174).jpg,mondriaan4
0.9901477832512315,,0.03911332526500714,,0.0,10.942550520522728,0.0,mondriaan4 (175).jpg,mondriaan4
0.9472868217054263,,0.042606537560069754,,0.0,10.283307324376102,0.0,mondriaan4 (176).jpg,mondriaan4
0.9967637540453075,,0.041111161373075474,,0.0,10.365180935569285,0.0,mondriaan4 (177).jpg,mondriaan4
1.0390625,,0.040267924640426604,,0.0,10.554511278195488,0.0,mondriaan4 (178).jpg,mondriaan4
0.9715242881072027,,0.03943842928022404,,0.0,10.9622826777566,0.0,mondriaan4 (179).jpg,mondriaan4
1.028960817717206,,0.04026584451297906,,0.0,10.343592404977606,0.0,mondriaan4 (18).JPG,mondriaan4
1.003058103975535,,0.04112233601794168,,0.0,10.544864622958155,0.0,mondriaan4 (180).jpg,mondriaan4
0.9983844911147012,,0.04042171343240138,,0.0,10.473882606354334,0.0,mondriaan4 (181).jpg,mondriaan4
1.0184899845916795,,0.04046456609695956,,0.0,10.634305308527725,0.0,mondriaan4 (182).jpg,mondriaan4
1.0328638497652582,,0.04057725230316654,,0.0,10.578555508132972,0.0,mondriaan4 (183).jpg,mondriaan4
0.9919743178170144,,0.041727308014218055,,0.0,10.513383928896092,0.0,mondriaan4 (184).jpg,mondriaan4
1.001610305958132,,0.04233281406143382,,0.0,10.509188064060146,0.0,mondriaan4 (185).jpg,mondriaan4
1.0272572402044293,,0.04038643776438135,,0.0,10.356225685880647,0.0,mondriaan4 (186).jpg,mondriaan4
1.040625,,0.040841939977564946,,0.0,10.57080518018018,0.0,mondriaan4 (187).jpg,mondriaan4
1.010135135135135,,0.041252945307605475,,0.0,10.576358130705957,0.0,mondriaan4 (188).jpg,mondriaan4
1.006578947368421,,0.04184613089227854,,0.0,10.372323271413828,0.0,mondriaan4 (189).jpg,mondriaan4
1.0255102040816326,,0.040217577851013674,,0.0,10.3245112306946,0.0,mondriaan4 (19).JPG,mondriaan4
0.9621087314662273,,0.04230853360545551,,0.0,10.362551059556317,0.0,mondriaan4 (190).jpg,mondriaan4
1.026272577996716,,0.03931743864992336,,0.0,10.970114942528737,0.0,mondriaan4 (191).jpg,mondriaan4
0.9769736842105263,,0.04096721769361364,,0.0,10.44047935495304,0.0,mondriaan4 (192).jpg,mondriaan4
0.9967741935483871,,0.04063499560018229,,0.0,10.470560601315377,0.0,mondriaan4 (193).jpg,mondriaan4
0.9951690821256038,,0.04083903138761893,,0.0,10.469073266315423,0.0,mondriaan4 (194).jpg,mondriaan4
0.9967741935483871,,0.04070521265753241,,0.0,10.502923060862303,0.0,mondriaan4 (195).jpg,mondriaan4
1.040518638573744,,0.04119603320149614,,0.0,10.485870229277431,0.0,mondriaan4 (196).jpg,mondriaan4
0.9537037037037037,,0.04235350700291442,,0.0,10.215400135842422,0.0,mondriaan4 (197).jpg,mondriaan4
1.042319749216301,,0.040075634289985444,,0.0,10.543286114973956,0.0,mondriaan4 (198).jpg,mondriaan4
1.011290322580645,,0.0431625466702411,,0.0,10.29325513196481,0.0,mondriaan4 (199).jpg,mondriaan4
1.0016077170418007,,0.04225338995367965,,0.0,10.452741376907712,0.0,mondriaan4 (2).JPG,mondriaan4
0.998371335504886,,0.041798113750171915,,0.0,10.229235191906096,0.0,mondriaan4 (20).JPG,mondriaan4
1.0588235294117647,,0.04080771556937475,,0.0,10.522321068345034,0.0,mondriaan4 (200).jpg,mondriaan4
1.0237691001697793,,0.039638050712570705,,0.0,10.509140770398151,0.0,mondriaan4 (201).jpg,mondriaan4
0.9967479674796748,,0.04042639602867633,,0.0,10.461942466080453,0.0,mondriaan4 (202).jpg,mondriaan4
0.9950738916256158,,0.039451052948178904,,0.0,10.93119164133162,0.0,mondriaan4 (203).jpg,mondriaan4
0.9919093851132686,,0.04358544693200516,,0.0,10.275740825797051,0.0,mondriaan4 (204).jpg,mondriaan4
1.001610305958132,,0.04185607202662569,,0.0,10.479933309515303,0.0,mondriaan4 (205).jpg,mondriaan4
0.9758454106280193,,0.040958682189821884,,0.0,10.844055420034756,0.0,mondriaan4 (206).jpg,mondriaan4
0.9918962722852512,,0.042774133334438066,,0.0,10.254128663891272,0.0,mondriaan4 (207).jpg,mondriaan4
1.0,,0.04187724397407588,,0.0,10.482470197785384,0.0,mondriaan4 (208).jpg,mondriaan4
1.0063492063492063,,0.041214007081984215,,0.0,10.441390015522508,0.0,mondriaan4 (209).jpg,mondriaan4
0.996742671009772,,0.0410447584146763,,0.0,10.236103127461625,0.0,mondriaan4 (21).JPG,mondriaan4
1.0295081967213116,,0.04028037060212544,,0.0,10.85204134906547,0.0,mondriaan4 (210).jpg,mondriaan4
1.0,,0.04112803427540707,,0.0,10.464654951107377,0.0,mondriaan4 (211).jpg,mondriaan4
1.0255102040816326,,0.039766513577768864,,0.0,10.485836125494973,0.0,mondriaan4 (212).jpg,mondriaan4
1.0016339869281046,,0.04129324915716129,,0.0,10.332768235080874,0.0,mondriaan4 (213).jpg,mondriaan4
1.018425460636516,,0.04002505367749866,,0.0,10.361291104646037,0.0,mondriaan4 (214).jpg,mondriaan4
1.0032520325203251,,0.041349608453928516,,0.0,10.206480346813192,0.0,mondriaan4 (215).jpg,mondriaan4
0.968595041322314,,0.04243705849677525,,0.0,10.364426141652329,0.0,mondriaan4 (216).jpg,mondriaan4
0.9950738916256158,,0.039746748263052065,,0.0,10.929023936876446,0.0,mondriaan4 (217).jpg,mondriaan4
0.996742671009772,,0.0420139016143313,,0.0,10.210289327457367,0.0,mondriaan4 (218).jpg,mondriaan4
0.9903069466882067,,0.04131846917398259,,0.0,10.481305689595647,0.0,mondriaan4 (219).jpg,mondriaan4
0.996742671009772,,0.04071081233486576,,0.0,10.19299142023802,0.0,mondriaan4 (22).JPG,mondriaan4
1.0,,0.04143224358208468,,0.0,10.2380857954921,0.0,mondriaan4 (220).jpg,mondriaan4
0.9698996655518395,,0.039651205489345843,,0.0,10.943374466612847,0.0,mondriaan4 (221).jpg,mondriaan4
1.0773026315789473,,0.04101968434418945,,0.0,10.258386902370429,0.0,mondriaan4 (222).jpg,mondriaan4
0.9585406301824212,,0.04198987337369234,,0.0,10.635404293411833,0.0,mondriaan4 (223).jpg,mondriaan4
0.9870550161812298,,0.04133100643092958,,0.0,10.731338532548145,0.0,mondriaan4 (224).jpg,mondriaan4
0.9967689822294022,,0.04146662571412444,,0.0,10.353657674452704,0.0,mondriaan4 (225).jpg,mondriaan4
1.0272108843537415,,0.03939633164752551,,0.0,10.465378204261837,0.0,mondriaan4 (226).jpg,mondriaan4
0.9900497512437811,,0.041419498459592925,,0.0,10.285257131428285,0.0,mondriaan4 (227).jpg,mondriaan4
1.0105900151285931,,0.0411807542855456,,0.0,10.650710681511411,0.0,mondriaan4 (228).jpg,mondriaan4
0.953125,,0.040914991408559455,,0.0,10.494620901639344,0.0,mondriaan4 (229).jpg,mondriaan4
1.0,,0.041114751637208236,,0.0,10.225431049394707,0.0,mondriaan4 (23).JPG,mondriaan4
0.9732441471571907,,0.04106400919791789,,0.0,10.779344665494374,0.0,mondriaan4 (230).jpg,mondriaan4
1.0,,0.04126663892861863,,0.0,10.215355205262933,0.0,mondriaan4 (24).JPG,mondriaan4
1.0,,0.041282729127598734,,0.0,10.226761654101322,0.0,mondriaan4 (25).JPG,mondriaan4
0.998371335504886,,0.04151326096484474,,0.0,10.235080317337173,0.0,mondriaan4 (26).JPG,mondriaan4
1.0,,0.04122240143377301,,0.0,10.186311271020228,0.0,mondriaan4 (27).JPG,mondriaan4
0.9983818770226537,,0.0416444100763768,,0.0,10.379327888887142,0.0,mondriaan4 (28).JPG,mondriaan4
1.0,,0.04120369265735829,,0.0,10.376449017439432,0.0,mondriaan4 (29).JPG,mondriaan4
1.0238095238095237,,0.038911825389470904,,0.0,10.56681808936199,0.0,mondriaan4 (3).JPG,mondriaan4
0.9983818770226537,,0.041527664809330324,,0.0,10.349168384447136,0.0,mondriaan4 (30).JPG,mondriaan4
0.9967689822294022,,0.04156105116652935,,0.0,10.362559992459213,0.0,mondriaan4 (31).JPG,mondriaan4
1.0,,0.04112995562702911,,0.0,10.36173884719548,0.0,mondriaan4 (32).JPG,mondriaan4
0.9983818770226537,,0.04118942897278853,,0.0,10.347857101645399,0.0,mondriaan4 (33).JPG,mondriaan4
1.0,,0.04133268728398461,,0.0,10.384329465784408,0.0,mondriaan4 (34).JPG,mondriaan4
0.9983792544570502,,0.0413112621709548,,0.0,10.36908796228083,0.0,mondriaan4 (35).JPG,mondriaan4
0.9983844911147012,,0.04142788875507791,,0.0,10.3382112290938,0.0,mondriaan4 (36).JPG,mondriaan4
1.0,,0.041343764594982284,,0.0,10.479406828983116,0.0,mondriaan4 (37).JPG,mondriaan4
0.9967741935483871,,0.040780625760483864,,0.0,10.459338135504751,0.0,mondriaan4 (38).JPG,mondriaan4
1.0,,0.04134442116196185,,0.0,10.46870636625335,0.0,mondriaan4 (39).JPG,mondriaan4
1.0255102040816326,,0.039665271381882784,,0.0,10.525039203077583,0.0,mondriaan4 (4).JPG,mondriaan4
1.0,,0.040806840505403785,,0.0,10.479406828983116,0.0,mondriaan4 (40).JPG,mondriaan4
0.9983844911147012,,0.04036030694207475,,0.0,10.48904434022931,0.0,mondriaan4 (41).JPG,mondriaan4
1.0,,0.0406063678117786,,0.0,10.433473135313875,0.0,mondriaan4 (42).JPG,mondriaan4
1.0,,0.04117284633551217,,0.0,10.45852787731528,0.0,mondriaan4 (43).JPG,mondriaan4
0.9951690821256038,,0.040082556193829985,,0.0,10.459692843258342,0.0,mondriaan4 (44).JPG,mondriaan4
1.006339144215531,,0.04198604299226691,,0.0,10.453598213060134,0.0,mondriaan4 (45).JPG,mondriaan4
1.0095389507154213,,0.041289600160383806,,0.0,10.43576230236721,0.0,mondriaan4 (46).JPG,mondriaan4
1.0063492063492063,,0.041780367484115906,,0.0,10.392569225376796,0.0,mondriaan4 (47).JPG,mondriaan4
1.0047543581616483,,0.04114791315832642,,0.0,10.420343253660755,0.0,mondriaan4 (48).JPG,mondriaan4
1.0063492063492063,,0.04121182917726463,,0.0,10.443392919733615,0.0,mondriaan4 (49).JPG,mondriaan4
1.0255102040816326,,0.04004200959341658,,0.0,10.459324691734073,0.0,mondriaan4 (5).JPG,mondriaan4
1.0063492063492063,,0.04079471026530459,,0.0,10.440138200390567,0.0,mondriaan4 (50).JPG,mondriaan4
1.007936507936508,,0.04111007457319203,,0.0,10.443444569428822,0.0,mondriaan4 (51).JPG,mondriaan4
1.0063492063492063,,0.041175314144736484,,0.0,10.47719192829603,0.0,mondriaan4 (52).JPG,mondriaan4
1.0031695721077654,,0.041060030025153176,,0.0,10.446068453744527,0.0,mondriaan4 (53).JPG,mondriaan4
0.9935275080906149,,0.040800885324106854,,0.0,10.75630119224566,0.0,mondriaan4 (54).JPG,mondriaan4
0.9902912621359223,,0.04148862385540829,,0.0,10.736721873215306,0.0,mondriaan4 (55).JPG,mondriaan4
0.9870550161812298,,0.041513249253504546,,0.0,10.734256459228607,0.0,mondriaan4 (56).JPG,mondriaan4
0.9854132901134521,,0.04009515387151759,,0.0,10.955226904376012,0.0,mondriaan4 (57).JPG,mondriaan4
0.9886547811993517,,0.04081121147820822,,0.0,10.838536546483514,0.0,mondriaan4 (58).JPG,mondriaan4
0.9870340356564019,,0.040819477682203925,,0.0,10.80816387360846,0.0,mondriaan4 (59).JPG,mondriaan4
1.0255102040816326,,0.039905970697310715,,0.0,10.446351011382994,0.0,mondriaan4 (6).JPG,mondriaan4
0.9886363636363636,,0.040813602051340415,,0.0,10.837971552257267,0.0,mondriaan4 (60).JPG,mondriaan4
0.9870550161812298,,0.04092395975488297,,0.0,10.806939360178259,0.0,mondriaan4 (61).JPG,mondriaan4
0.9917218543046358,,0.041315593571433655,,0.0,10.39978330329799,0.0,mondriaan4 (62).JPG,mondriaan4
0.9901315789473685,,0.041671778930775845,,0.0,10.39080258786501,0.0,mondriaan4 (63).JPG,mondriaan4
0.993421052631579,,0.04087744085160379,,0.0,10.418482049494598,0.0,mondriaan4 (64).JPG,mondriaan4
0.9917491749174917,,0.041084842103063,,0.0,10.490766214724633,0.0,mondriaan4 (65).JPG,mondriaan4
0.9917355371900827,,0.04110016139074068,,0.0,10.43443526170799,0.0,mondriaan4 (66).JPG,mondriaan4
0.9917218543046358,,0.041160918047972034,,0.0,10.437097148669416,0.0,mondriaan4 (67).JPG,mondriaan4
0.9917081260364843,,0.04126958015947277,,0.0,10.425298257874507,0.0,mondriaan4 (68).JPG,mondriaan4
0.9900332225913622,,0.04102917020361177,,0.0,10.422194474793194,0.0,mondriaan4 (69).JPG,mondriaan4
1.0255102040816326,,0.04002816861884802,,0.0,10.496271477081711,0.0,mondriaan4 (7).JPG,mondriaan4
0.9917081260364843,,0.04273513767486108,,0.0,10.220635950681375,0.0,mondriaan4 (70).JPG,mondriaan4
0.962171052631579,,0.04221559088979268,,0.0,10.331196581196581,0.0,mondriaan4 (71).JPG,mondriaan4
0.9654036243822076,,0.042651388528843884,,0.0,10.355578546086331,0.0,mondriaan4 (72).JPG,mondriaan4
0.9621087314662273,,0.042483829855860376,,0.0,10.366782514499786,0.0,mondriaan4 (73).JPG,mondriaan4
0.9637561779242174,,0.04229916319276,,0.0,10.352440896098228,0.0,mondriaan4 (74).JPG,mondriaan4
0.9637561779242174,,0.04269153047075849,,0.0,10.348498289190216,0.0,mondriaan4 (75).JPG,mondriaan4
0.9605263157894737,,0.04250269810198742,,0.0,10.350013518385005,0.0,mondriaan4 (76).JPG,mondriaan4
0.962171052631579,,0.04228791109699674,,0.0,10.360436347278453,0.0,mondriaan4 (77).JPG,mondriaan4
0.9637561779242174,,0.042737540113091624,,0.0,10.339486616257622,0.0,mondriaan4 (78).JPG,mondriaan4
0.962171052631579,,0.0420635797215404,,0.0,10.403452541610436,0.0,mondriaan4 (79).JPG,mondriaan4
1.0255102040816326,,0.03974239276308369,,0.0,10.473426518202638,0.0,mondriaan4 (8).JPG,mondriaan4
0.993421052631579,,0.03941751657083315,,0.0,10.928786162425933,0.0,mondriaan4 (80).JPG,mondriaan4
0.993431855500821,,0.04132460321502958,,0.0,10.604296435017439,0.0,mondriaan4 (81).JPG,mondriaan4
0.993431855500821,,0.0406120572532101,,0.0,10.665635305133737,0.0,mondriaan4 (82).JPG,mondriaan4
0.9950657894736842,,0.04039113803788758,,0.0,10.756850804697695,0.0,mondriaan4 (83).JPG,mondriaan4
0.9967159277504105,,0.04005817457152002,,0.0,10.893705888877166,0.0,mondriaan4 (84).JPG,mondriaan4
0.9950738916256158,,0.039121555963028916,,0.0,10.906263040097112,0.0,mondriaan4 (85).JPG,mondriaan4
0.9967105263157895,,0.039368931408980345,,0.0,10.917958572173008,0.0,mondriaan4 (86).JPG,mondriaan4
0.9967159277504105,,0.039650239128329386,,0.0,10.912101021741424,0.0,mondriaan4 (87).JPG,mondriaan4
0.9950738916256158,,0.0399545089601305,,0.0,10.877269993009154,0.0,mondriaan4 (88).JPG,mondriaan4
0.998371335504886,,0.041156824753236086,,0.0,10.287155071177686,0.0,mondriaan4 (89).JPG,mondriaan4
1.0238095238095237,,0.03937006944990029,,0.0,10.477829005356295,0.0,mondriaan4 (9).JPG,mondriaan4
0.9983660130718954,,0.04164251565063801,,0.0,10.289303937614326,0.0,mondriaan4 (90).JPG,mondriaan4
1.0,,0.041664131780002715,,0.0,10.329894485027125,0.0,mondriaan4 (91).JPG,mondriaan4
1.0,,0.04166328983806594,,0.0,10.239365934917082,0.0,mondriaan4 (92).JPG,mondriaan4
0.9967532467532467,,0.04211587091518661,,0.0,10.241549980963661,0.0,mondriaan4 (93).JPG,mondriaan4
1.0,,0.04180153215858779,,0.0,10.30541438105444,0.0,mondriaan4 (94).JPG,mondriaan4
0.9983766233766234,,0.04189613724267408,,0.0,10.220145707950586,0.0,mondriaan4 (95).JPG,mondriaan4
0.9983766233766234,,0.04165774028053443,,0.0,10.231232182451695,0.0,mondriaan4 (96).JPG,mondriaan4
1.0,,0.04218458356518646,,0.0,10.239100680113317,0.0,mondriaan4 (97).JPG,mondriaan4
0.9919354838709677,,0.04242665245702636,,0.0,10.247574088644113,0.0,mondriaan4 (98).JPG,mondriaan4
0.9886914378029079,,0.04264304288755338,,0.0,10.266664554890346,0.0,mondriaan4 (99).JPG,mondriaan4
0.8732638888888888,,,,0.02968301303291363,0.0,0.0,1 (1).JPG,niet_mondriaan
0.8544839255499154,,0.1599270357509441,,0.0,0.447303613610092,0.0,1 (10).JPG,niet_mondriaan
0.8603066439522998,,0.061752601595217414,,0.0,7.353382697724628,0.0,1 (100).JPG,niet_mondriaan
0.8657487091222031,,0.062079884818782405,,0.0,7.253210513168836,0.0,1 (101).JPG,niet_mondriaan
0.8627787307032591,,0.056545974870308664,,0.0,7.52227629079724,0.0,1 (102).JPG,niet_mondriaan
0.8593220338983051,,0.0623390882557071,,0.0,7.820345669107078,0.0,1 (103).JPG,niet_mondriaan
0.8497495826377296,,0.05494956637833147,,0.0,8.394475402684893,0.0,1 (104).JPG,niet_mondriaan
0.847682119205298,,0.047810800809488435,,0.0,8.266504552980132,0.0,1 (105).JPG,niet_mondriaan
0.8440065681444991,,0.055745840443740285,,0.0,7.706388606697208,0.0,1 (106).JPG,niet_mondriaan
0.9526627218934911,,0.04452140268162262,,0.0,10.96948619941931,0.0,1 (107).JPG,niet_mondriaan
0.9467455621301775,,0.03743804708185269,,0.0,11.187823594674557,0.0,1 (108).JPG,niet_mondriaan
0.9364844903988183,,0.046690214925292135,,0.0,11.218774608706997,0.0,1 (109).JPG,niet_mondriaan
0.856175972927242,,0.11925180135477964,,0.0,0.24544718872681798,0.0,1 (11).JPG,niet_mondriaan
0.9247787610619469,,0.0454440990905922,,0.0,11.370105338433238,0.0,1 (110).JPG,niet_mondriaan
0.9218289085545722,,0.04304815636011734,,0.0,11.995044247787611,0.0,1 (111).JPG,niet_mondriaan
0.9218289085545722,,0.0434532385622746,,0.0,11.52802359882006,0.0,1 (112).JPG,niet_mondriaan
0.9112426035502958,,0.04313204531222527,,0.0,11.112925536002459,0.0,1 (113).JPG,niet_mondriaan
0.8991097922848664,,0.04559242718685985,,0.0,10.743945314412747,0.0,1 (114).JPG,niet_mondriaan
0.8900445765230312,,0.045947773127301826,,0.0,10.547792631106326,0.0,1 (115).JPG,niet_mondriaan
1.0059435364041605,,0.04706306542785473,,0.0,12.195223661771516,0.0,1 (116).JPG,niet_mondriaan
0.9970414201183432,,0.043384346305784596,,0.0,12.07618562674486,0.0,1 (117).JPG,niet_mondriaan
0.9763663220088626,,0.038630355717641895,,0.0,12.906678703991311,0.0,1 (118).JPG,niet_mondriaan
0.9455081001472754,,0.04047317949670251,,0.0,10.799049362494781,0.0,1 (119).JPG,niet_mondriaan
0.8535353535353535,,0.1374765102695473,,0.0,0.20786431042841297,0.0,1 (12).JPG,niet_mondriaan
0.9278350515463918,,0.04025150635244961,,0.0,10.253640975290459,0.0,1 (120).JPG,niet_mondriaan
0.9175257731958762,,0.038854195887380656,,0.0,10.946604982778469,0.0,1 (121).JPG,niet_mondriaan
0.9056047197640118,,0.041667058325164125,,0.0,10.650937322840697,0.0,1 (122).JPG,niet_mondriaan
0.8903703703703704,,0.04161965315665574,,0.0,10.496579774449991,0.0,1 (123).JPG,niet_mondriaan
0.879284649776453,,0.04550226001226365,,0.0,9.696885498497057,0.0,1 (124).JPG,niet_mondriaan
0.8461538461538461,,0.12203984106474276,,0.0,0.28950255793355983,0.0,1 (125).JPG,niet_mondriaan
0.8509212730318257,,,,0.0,0.14870942639707727,0.0,1 (13).JPG,niet_mondriaan
0.8492462311557789,,,,0.0,0.09581107377783064,0.0,1 (14).JPG,niet_mondriaan
0.8492462311557789,,,,0.0,0.12719746001539586,0.0,1 (15).JPG,niet_mondriaan
0.8525963149078727,,,,0.0,0.11616695132506015,0.0,1 (16).JPG,niet_mondriaan
0.8514190317195326,,,,0.042554584438115814,0.0,0.0,1 (17).JPG,niet_mondriaan
0.8545150501672241,,,,0.0,0.08966614088710574,0.0,1 (18).JPG,niet_mondriaan
0.8547579298831386,,,,0.0,0.08282032554257096,0.0,1 (19).JPG,niet_mondriaan
0.8730434782608696,,0.11740423371671863,,0.0,1.1640394941971246,0.0,1 (2).JPG,niet_mondriaan
0.8542713567839196,,0.12449750023838294,,0.0,0.17604361677669392,0.0,1 (20).JPG,niet_mondriaan
0.8474295190713101,,,,0.0,0.11001742753940669,0.0,1 (21).JPG,niet_mondriaan
0.8462809917355372,,0.10912600411594321,,0.0,0.17206869834710745,0.0,1 (22).JPG,niet_mondriaan
0.8426229508196721,,,,0.0,0.13395420042099893,0.0,1 (23).JPG,niet_mondriaan
0.8401305057096248,,0.12604080030456374,,0.0,0.2591108506628233,0.0,1 (24).JPG,niet_mondriaan
0.8422764227642277,,,,0.0,0.1330947672411087,0.0,1 (25).JPG,niet_mondriaan
0.8417618270799347,,0.13816180968296654,,0.0,0.9522364277855762,0.0,1 (26).JPG,niet_mondriaan
0.8401305057096248,,0.12694083956418573,,0.0,1.357956255246361,0.0,1 (27).JPG,niet_mondriaan
0.8431372549019608,,0.11336134430026701,,0.0,1.3005395956832346,0.0,1 (28).JPG,niet_mondriaan
0.8417618270799347,,0.0813475070327338,,0.0,4.277476383777837,0.0,1 (29).JPG,niet_mondriaan
0.8697916666666666,,0.11571884011736558,,0.0,0.3489548680416944,0.0,1 (3).JPG,niet_mondriaan
0.8420195439739414,,0.06738657357593777,,0.0,9.625816694913652,0.0,1 (30).JPG,niet_mondriaan
0.8422764227642277,,0.08937906490181137,,0.0,1.507988825061996,0.0,1 (31).JPG,niet_mondriaan
0.8455284552845529,,0.1058819376680583,,0.0,2.630393996247655,0.0,1 (32).JPG,niet_mondriaan
0.8460291734197731,,0.10473834803041525,,0.0,2.778243509255637,0.0,1 (33).JPG,niet_mondriaan
0.8478964401294499,,0.09787321367186946,,0.0,2.6365522863707107,0.0,1 (34).JPG,niet_mondriaan
0.8670120898100173,,0.07356826936958802,,0.0,0.632014257305837,0.0,1 (35).JPG,niet_mondriaan
0.8627787307032591,,0.08824774412861147,,0.0,0.6005135567384714,0.0,1 (36).JPG,niet_mondriaan
0.8593481989708405,,0.08483750004002663,,0.0,0.602226079573272,0.0,1 (37).JPG,niet_mondriaan
0.8559322033898306,,0.10192286484175277,,0.0,0.644739050176204,0.0,1 (38).JPG,niet_mondriaan
0.8430717863105175,,0.09026090785716491,,0.0,0.8641465148184267,0.0,1 (39).JPG,niet_mondriaan
0.871304347826087,,0.1154511026036041,,0.0,0.7536231884057971,0.0,1 (4).JPG,niet_mondriaan
0.8402662229617305,,0.09475081597668086,,0.0,1.2365529398197723,0.0,1 (40).JPG,niet_mondriaan
0.8414239482200647,,0.08646557317639612,,0.0,1.1504232013940752,0.0,1 (41).JPG,niet_mondriaan
0.8596774193548387,,0.07700727621137599,,0.0,1.1723052714398112,0.0,1 (42).JPG,niet_mondriaan
0.8548644338118022,,0.060801631462052044,,0.0,0.8331548001618702,0.0,1 (43).JPG,niet_mondriaan
0.8489096573208723,,0.08136327406288721,,0.0,6.371145217068222,0.0,1 (44).JPG,niet_mondriaan
0.8502340093603744,,0.07427366773918093,,0.0,6.050752121827992,0.0,1 (45).JPG,niet_mondriaan
0.8504672897196262,,0.0756248777083789,,0.0,6.239658576107175,0.0,1 (46).JPG,niet_mondriaan
0.8509316770186336,,0.08332312783030513,,0.0,4.3081561409076485,0.0,1 (47).JPG,niet_mondriaan
0.8542635658914729,,0.07558223006035478,,0.0,3.5720817681734407,0.0,1 (48).JPG,niet_mondriaan
0.8564814814814815,,0.08961106401717368,,0.0,4.063786008230453,0.0,1 (49).JPG,niet_mondriaan
0.8697916666666666,,0.09807830887321128,,0.0,0.5177145708582834,0.0,1 (5).JPG,niet_mondriaan
0.8595679012345679,,0.08837793154613603,,0.0,7.168306846643172,0.0,1 (50).JPG,niet_mondriaan
0.86,,0.08688248855104985,,0.0,3.5679097289115176,0.0,1 (51).JPG,niet_mondriaan
0.8637059724349158,,0.08010465618416983,,0.0,3.805404407372411,0.0,1 (52).JPG,niet_mondriaan
0.8226837060702875,,,,0.0,0.0,0.0,1 (53).JPG,niet_mondriaan
0.8229665071770335,,0.11129355991965521,,0.0,1.0991184797794347,0.0,1 (54).JPG,niet_mondriaan
0.8213716108452951,,0.12034532385387699,,0.0,1.0489153156501139,0.0,1 (55).JPG,niet_mondriaan
0.824,,0.1251930476102039,,0.0,1.1616310679611652,0.0,1 (56).JPG,niet_mondriaan
0.8173076923076923,,0.10959620954611057,,0.0,1.0680618401206636,0.0,1 (57).JPG,niet_mondriaan
0.8145161290322581,,0.11200125741387112,,0.0,0.7959118492494411,0.0,1 (58).JPG,niet_mondriaan
0.8110749185667753,,0.09871768067265758,,0.0,1.258781052548958,0.0,1 (59).JPG,niet_mondriaan
0.8697916666666666,,0.12789432513356438,,0.0,0.5274173874473276,0.0,1 (6).JPG,niet_mondriaan
0.8061889250814332,,0.10947183028428692,,0.0,1.2891126246175106,0.0,1 (60).JPG,niet_mondriaan
0.8078175895765473,,0.11422748734291849,,0.0,0.8632578543658715,0.0,1 (61).JPG,niet_mondriaan
0.7942664418212478,,0.09542186614291355,,0.0,3.0404256309456037,0.0,1 (62).JPG,niet_mondriaan
0.7942664418212478,,0.10443686687833022,,0.0,1.8968646953308772,0.0,1 (63).JPG,niet_mondriaan
0.7888513513513513,,0.08783515392696081,,0.0,2.6347010822385557,0.0,1 (64).JPG,niet_mondriaan
0.7866894197952219,,0.09045938228565982,,0.0,2.2343473529128697,0.0,1 (65).JPG,niet_mondriaan
0.7838765008576329,,0.08596375165808012,,0.0,2.8191163941132977,0.0,1 (66).JPG,niet_mondriaan
0.7810344827586206,,0.0819833146109846,,0.0,3.0612011874857274,0.0,1 (67).JPG,niet_mondriaan
0.7768166089965398,,0.07479973869726173,,0.0,5.715122417367314,0.0,1 (68).JPG,niet_mondriaan
0.7838765008576329,,0.0853878379617589,,0.0,4.735560051195244,0.0,1 (69).JPG,niet_mondriaan
0.8697916666666666,,0.1167377086802567,,0.0,0.47890330450210694,0.0,1 (7).JPG,niet_mondriaan
0.7952218430034129,,0.07887742391670372,,0.0,3.236095445956437,0.0,1 (70).JPG,niet_mondriaan
0.8066666666666666,,0.07202967999920898,,0.0,5.473829201101928,0.0,1 (71).JPG,niet_mondriaan
0.8036605657237936,,0.06636988091984372,,0.0,5.566636695913988,0.0,1 (72).JPG,niet_mondriaan
0.8069883527454242,,0.06950489779921216,,0.0,5.376262929481792,0.0,1 (73).JPG,niet_mondriaan
0.8127090301003345,,0.06966611621230945,,0.0,5.479169247285189,0.0,1 (74).JPG,niet_mondriaan
0.8163606010016694,,0.06457154101971051,,0.0,5.178706159891571,0.0,1 (75).JPG,niet_mondriaan
0.82,,0.06712500850020532,,0.0,5.232384823848238,0.0,1 (76).JPG,niet_mondriaan
0.8258706467661692,,0.06875845925143932,,0.0,5.325780734879817,0.0,1 (77).JPG,niet_mondriaan
0.8294701986754967,,0.08142043344991824,,0.0,4.579913021638841,0.0,1 (78).JPG,niet_mondriaan
0.8374792703150912,,0.09794941833937841,,0.0,4.7968080390128565,0.0,1 (79).JPG,niet_mondriaan
0.8697916666666666,,0.12428436020370381,,0.0,0.35484586382789973,0.0,1 (8).JPG,niet_mondriaan
0.8237232289950577,,0.05025993666028645,,0.0,6.3726523887973645,0.0,1 (80).JPG,niet_mondriaan
0.8256578947368421,,0.05574810965261229,,0.0,6.772580729712728,0.0,1 (81).JPG,niet_mondriaan
0.8311475409836065,,0.07768842195869823,,0.0,5.344520968732822,0.0,1 (82).JPG,niet_mondriaan
0.8366013071895425,,0.07772161136668226,,0.0,6.187448937908497,0.0,1 (83).JPG,niet_mondriaan
0.8401305057096248,,0.08711836544235414,,0.0,5.652607738481763,0.0,1 (84).JPG,niet_mondriaan
0.8414239482200647,,0.0792895224692583,,0.0,6.007592730893702,0.0,1 (85).JPG,niet_mondriaan
0.8455284552845529,,0.07764704247297842,,0.0,7.480925578486554,0.0,1 (86).JPG,niet_mondriaan
0.8471544715447155,,0.07590137047733397,,0.0,6.360813320225332,0.0,1 (87).JPG,niet_mondriaan
0.8469055374592834,,0.078909825901905,,0.0,6.550050112753696,0.0,1 (88).JPG,niet_mondriaan
0.8444084278768234,,0.06288275275280858,,0.0,8.2119848066771,0.0,1 (89).JPG,niet_mondriaan
0.8590831918505942,,0.13805720314474515,,0.0,0.24426743257480688,0.0,1 (9).JPG,niet_mondriaan
0.8419354838709677,,0.06444939716779186,,0.0,8.260412804350512,0.0,1 (90).JPG,niet_mondriaan
0.838351822503962,,0.08690949715113931,,0.0,6.792111420345777,0.0,1 (91).JPG,niet_mondriaan
0.8401253918495298,,0.0793693626116444,,0.0,7.555970149253731,0.0,1 (92).JPG,niet_mondriaan
0.8435054773082942,,0.06855361498737622,,0.0,9.192528910838769,0.0,1 (93).JPG,niet_mondriaan
0.846749226006192,,0.0744851914198228,,0.0,8.146037208301967,0.0,1 (94).JPG,niet_mondriaan
0.8466257668711656,,0.08234853559690916,,0.0,8.121054503423135,0.0,1 (95).JPG,niet_mondriaan
0.8496932515337423,,0.07705249501517425,,0.0,8.405960000885916,0.0,1 (96).JPG,niet_mondriaan
0.8549618320610687,,0.08320302756530053,,0.0,7.697110141766631,0.0,1 (97).JPG,niet_mondriaan
0.8559322033898306,,0.05719394017909257,,0.0,8.24232253733848,0.0,1 (98).JPG,niet_mondriaan
0.8590831918505942,,0.05273445378134586,,0.0,8.272546085345969,0.0,1 (99).JPG,niet_mondriaan
0.7807570977917981,,0.08625589454161524,,0.0,0.9492400344135361,0.0,niet_mondriaan (131).jpg,niet_mondriaan
0.8486739469578783,,0.07841909931613815,,0.0,5.743840047719556,0.0,niet_mondriaan (132).jpg,niet_mondriaan
0.9056047197640118,,0.040773690183106316,,0.0,10.760716035859446,0.0,niet_mondriaan (133).jpg,niet_mondriaan
0.8460264900662252,,,,0.0,0.09655136662303496,0.0,niet_mondriaan (134).jpg,niet_mondriaan
0.8128,,,,0.0,0.07937007874015747,0.0,niet_mondriaan (135).jpg,niet_mondriaan
0.8457792207792207,,0.07699647781134845,,0.0,6.435551013286138,0.0,niet_mondriaan (136).jpg,niet_mondriaan
0.8455284552845529,,0.09639598977844686,,0.0,2.548780487804878,0.0,niet_mondriaan (137).jpg,niet_mondriaan
0.8111111111111111,,0.05958835974209654,,0.0,7.601341906625664,0.0,niet_mondriaan (138).jpg,niet_mondriaan
0.9492242595204513,,0.04752946203479723,,0.0,11.664085405851743,0.0,niet_mondriaan (139).jpg,niet_mondriaan
0.9261447562776958,,0.041929655241945446,,0.0,11.663710101088629,0.0,niet_mondriaan (140).jpg,niet_mondriaan
0.8186195826645265,,0.11455585055771166,,0.0,0.956157743996475,0.0,niet_mondriaan (141).jpg,niet_mondriaan
1.0074404761904763,,0.04730352929218921,,0.0,12.151605472321867,0.0,niet_mondriaan (142).jpg,niet_mondriaan
0.8509316770186336,,0.08843050800535439,,0.0,4.078070453824183,0.0,niet_mondriaan (143).jpg,niet_mondriaan
0.78719723183391,,0.08516973018036994,,0.0,2.7487737176318494,0.0,niet_mondriaan (144).jpg,niet_mondriaan
0.9014705882352941,,0.04437134795463531,,0.0,10.515785433259763,0.0,niet_mondriaan (145).jpg,niet_mondriaan
0.8202995008319468,,0.06508245710443188,,0.0,5.035556020560729,0.0,niet_mondriaan (146).jpg,niet_mondriaan
0.8414023372287145,,0.0825094604506976,,0.0,1.0056443278480007,0.0,niet_mondriaan (147).jpg,niet_mondriaan
0.8674698795180723,,0.056688728847644046,,0.0,7.379176570226484,0.0,niet_mondriaan (148).jpg,niet_mondriaan
0.8958333333333334,,0.046299873730000086,,0.0,10.502936639772189,0.0,niet_mondriaan (149).jpg,niet_mondriaan
0.8528428093645485,,,,0.0,0.0957439832120139,0.0,niet_mondriaan (150).jpg,niet_mondriaan
0.8389261744966443,,0.06731762663568076,,0.0,5.267785234899329,0.0,niet_mondriaan (151).jpg,niet_mondriaan
0.8877400295420975,,0.04097820871483637,,0.0,10.402406624114905,0.0,niet_mondriaan (152).jpg,niet_mondriaan
0.8875432525951558,,0.09880934497023819,,0.0,2.8706907599641163,0.0,niet_mondriaan (153).jpg,niet_mondriaan
0.8420195439739414,,0.06999349396328781,,0.0,8.975610985452278,0.0,niet_mondriaan (154).jpg,niet_mondriaan
0.8327868852459016,,,,0.0,0.138440686717439,0.0,niet_mondriaan (155).jpg,niet_mondriaan
0.8434925864909391,,0.04904970743290281,,0.0,7.96051276771005,0.0,niet_mondriaan (156).jpg,niet_mondriaan
0.8461538461538461,,0.09007941053326919,,0.0,0.9471624783534046,0.0,niet_mondriaan (157).jpg,niet_mondriaan
0.8390243902439024,,0.11171864719976368,,0.0,0.16071090943467575,0.0,niet_mondriaan (158).jpg,niet_mondriaan
0.8504983388704319,,,,0.0,0.11030938538205981,0.0,niet_mondriaan (159).jpg,niet_mondriaan
0.8435054773082942,,0.07194995464108209,,0.0,9.106587577412526,0.0,niet_mondriaan (160).jpg,niet_mondriaan
0.8233333333333334,,0.10948953356339178,,0.0,0.7149122807017544,0.0,niet_mondriaan (161).jpg,niet_mondriaan
0.8959881129271917,,0.040128930733952385,,0.0,10.385910960304964,0.0,niet_mondriaan (162).jpg,niet_mondriaan
1.0,,0.04949078632591432,,0.0,11.941064470707973,0.0,niet_mondriaan (163).jpg,niet_mondriaan
0.8542372881355932,,0.05582785896686877,,0.0,7.8157788539144475,0.0,niet_mondriaan (164).jpg,niet_mondriaan
0.907624633431085,,0.044230094247966284,,0.0,11.179226735013904,0.0,niet_mondriaan (165).jpg,niet_mondriaan
0.8858773181169758,,0.03925756346515378,,0.0,11.707682376912668,0.0,niet_mondriaan (166).jpg,niet_mondriaan
0.8450920245398773,,0.08139918476750779,,0.0,7.823477670270451,0.0,niet_mondriaan (167).jpg,niet_mondriaan
0.8549382716049383,,0.10179455868771074,,0.0,3.5284908855907653,0.0,niet_mondriaan (168).jpg,niet_mondriaan
0.8523274478330658,,0.07446146813778882,,0.0,1.1949349028000713,0.0,niet_mondriaan (169).jpg,niet_mondriaan
0.7922705314009661,,0.12428622543129667,,0.0,0.6873257138368485,0.0,niet_mondriaan (170).jpg,niet_mondriaan
0.8347245409015025,,0.13825949122125705,,0.0,0.2717863105175292,0.0,niet_mondriaan (171).jpg,niet_mondriaan
0.8453947368421053,,0.05778790943266366,,0.0,7.661785787425762,0.0,niet_mondriaan (172).jpg,niet_mondriaan
0.9194244604316547,,0.039794884320435424,,0.0,10.86747503405726,0.0,niet_mondriaan (173).jpg,niet_mondriaan
0.8544891640866873,,0.07515754885296909,,0.0,7.953347242787275,0.0,niet_mondriaan (174).jpg,niet_mondriaan
0.8419301164725458,,0.0866198153767675,,0.0,0.9210604197220705,0.0,niet_mondriaan (175).jpg,niet_mondriaan
0.9526627218934911,,0.046473085908519944,,0.0,10.896210812598772,0.0,niet_mondriaan (176).jpg,niet_mondriaan
0.8461538461538461,,0.1289601220277808,,0.0,1.1975801473311658,0.0,niet_mondriaan (177).jpg,niet_mondriaan
0.8237179487179487,,,,0.0,0.0,0.0,niet_mondriaan (178).jpg,niet_mondriaan
0.8464052287581699,,0.12234969484748456,,0.0,0.21513109748403864,0.0,niet_mondriaan (179).jpg,niet_mondriaan
0.8401305057096248,,0.09106972580305948,,0.0,1.1222857504870207,0.0,niet_mondriaan (180).jpg,niet_mondriaan
0.8525963149078727,,0.060492245244492863,,0.0,7.736784775218594,0.0,niet_mondriaan (181).jpg,niet_mondriaan
0.8538102643856921,,0.0802706181155192,,0.0,4.38886481004626,0.0,niet_mondriaan (182).jpg,niet_mondriaan
0.8489096573208723,,0.07393333367919995,,0.0,5.7726714110148905,0.0,niet_mondriaan (183).jpg,niet_mondriaan
0.7959527824620574,,0.09710285086517348,,0.0,2.2865635807585676,0.0,niet_mondriaan (184).jpg,niet_mondriaan
0.7821612349914236,,0.09560721180496796,,0.0,2.326141253648702,0.0,niet_mondriaan (186).jpg,niet_mondriaan
0.801762114537445,,0.07677811429644536,,0.0,8.097604793640036,0.0,niet_mondriaan (187).jpg,niet_mondriaan
0.8888888888888888,,0.04267659779051054,,0.0,10.739116583272427,0.0,niet_mondriaan (188).jpg,niet_mondriaan
0.8557046979865772,,,,0.0,0.09672325305961312,0.0,niet_mondriaan (189).jpg,niet_mondriaan
0.8242811501597445,,0.07995372630743891,,0.0,6.202788716348416,0.0,niet_mondriaan (190).jpg,niet_mondriaan
0.8163606010016694,,0.06309295740992507,,0.0,5.3941299575639015,0.0,niet_mondriaan (191).jpg,niet_mondriaan
0.8547297297297297,,0.11679070689979701,,0.0,0.2096464052985792,0.0,niet_mondriaan (192).jpg,niet_mondriaan
0.9247787610619469,,0.045433496104129736,,0.0,11.288008167374725,0.0,niet_mondriaan (193).jpg,niet_mondriaan
0.8113821138211382,,0.11163982656580161,,0.0,1.1000863515649184,0.0,niet_mondriaan (194).jpg,niet_mondriaan
0.8213716108452951,,,,0.0,0.14462457998482525,0.0,niet_mondriaan (195).jpg,niet_mondriaan
0.7807570977917981,,0.12470335663316023,,0.0,0.1943727495777969,0.0,niet_mondriaan (196).jpg,niet_mondriaan
0.8069883527454242,,0.06987835141598256,,0.0,5.097689417980342,0.0,niet_mondriaan (197).jpg,niet_mondriaan
0.8595679012345679,,0.09188451246839127,,0.0,6.634694239421947,0.0,niet_mondriaan (198).jpg,niet_mondriaan
0.8325041459369817,,0.08694572261929603,,0.0,4.678136541726956,0.0,niet_mondriaan (199).jpg,niet_mondriaan
0.8674698795180723,,0.09730134986920921,,0.0,0.5470863044012786,0.0,niet_mondriaan (200).jpg,niet_mondriaan
0.8896746817538896,,0.04156625536942408,,0.0,10.899859007022664,0.0,niet_mondriaan (201).jpg,niet_mondriaan
0.8353474320241692,,0.09250713485667107,,0.0,6.785564047792049,0.0,niet_mondriaan (202).jpg,niet_mondriaan
0.842809364548495,,0.07757109998687389,,0.0,0.8580187928014014,0.0,niet_mondriaan (203).jpg,niet_mondriaan
0.8484349258649094,,0.05692986470982063,,0.0,7.7487564178436035,0.0,niet_mondriaan (204).jpg,niet_mondriaan
0.7972972972972973,,0.09362474506688055,,0.0,2.7259648419606046,0.0,niet_mondriaan (205).jpg,niet_mondriaan
0.8311475409836065,,0.07521791895708345,,0.0,5.218094221877324,0.0,niet_mondriaan (206).jpg,niet_mondriaan
0.8316831683168316,,,,0.0,0.15814081408140815,0.0,niet_mondriaan (207).jpg,niet_mondriaan
0.8387622149837134,,0.08232555036661557,,0.0,4.059643907529806,0.0,niet_mondriaan (208).jpg,niet_mondriaan
0.8544839255499154,,0.1591480224812281,,0.0,0.32333182556834367,0.0,niet_mondriaan (209).jpg,niet_mondriaan
0.9056047197640118,,0.04207797263503488,,0.0,10.593765914310147,0.0,niet_mondriaan (210).jpg,niet_mondriaan
0.8672413793103448,,0.06973483239407663,,0.0,0.6060190580654007,0.0,niet_mondriaan (211).jpg,niet_mondriaan
0.8502340093603744,,0.07090780232730155,,0.0,9.151411928036755,0.0,niet_mondriaan (212).jpg,niet_mondriaan
0.8198051948051948,,0.09685578215465622,,0.0,0.5288028802880288,0.0,niet_mondriaan (213).jpg,niet_mondriaan
0.8805970149253731,,0.04828430847982521,,0.0,9.475588160890464,0.0,niet_mondriaan (214).jpg,niet_mondriaan
0.8415032679738562,,0.12097064862589917,,0.0,0.840154832159401,0.0,niet_mondriaan (216).jpg,niet_mondriaan
0.8544839255499154,,0.15357412106498963,,0.0,0.32132147224874774,0.0,niet_mondriaan (217).jpg,niet_mondriaan
0.8409090909090909,,,,0.0,0.04199468485182771,0.0,niet_mondriaan (218).jpg,niet_mondriaan
0.8308457711442786,,0.08358358638493192,,0.0,4.475625862702456,0.0,niet_mondriaan (219).jpg,niet_mondriaan
0.8417618270799347,,0.13810553451759208,,0.0,0.7849943725735674,0.0,niet_mondriaan (220).jpg,niet_mondriaan
0.8547579298831386,,,,0.03358462020033389,0.0,0.0,niet_mondriaan (221).jpg,niet_mondriaan
0.8494983277591973,,,,0.0,0.06945724593790326,0.0,niet_mondriaan (222).jpg,niet_mondriaan
0.8508914100486223,,0.09502983363637535,,0.0,2.7145172493632788,0.0,niet_mondriaan (223).jpg,niet_mondriaan
0.8115702479338843,,0.06234759317627377,,0.0,4.953628116005453,0.0,niet_mondriaan (224).jpg,niet_mondriaan
0.8564742589703588,,0.0810272202965273,,0.0,5.9748400864996345,0.0,niet_mondriaan (225).jpg,niet_mondriaan
0.7823834196891192,,0.08467750779173515,,0.0,2.765291455542974,0.0,niet_mondriaan (226).jpg,niet_mondriaan
0.8559322033898306,,0.16598134280305338,,0.0,0.2554119818761537,0.0,niet_mondriaan (227).jpg,niet_mondriaan
0.8580750407830342,,0.07835011367276508,,0.0,7.011580520906345,0.0,niet_mondriaan (228).jpg,niet_mondriaan
0.8229508196721311,,,,0.0,0.10450003265626019,0.0,niet_mondriaan (229).jpg,niet_mondriaan
0.8533950617283951,,0.0969677664700404,,0.0,3.7413770008706715,0.0,niet_mondriaan (230).jpg,niet_mondriaan
